gen_count, change_count, dist, prec, iterations, end_fitness
5, 1, 0.5, 700, 23, 710.9130887449477
5, 1, 0.5, 700, 36, 700.433421033657
5, 1, 0.5, 700, 41, 733.3193479726685
5, 1, 0.5, 700, 15, 859.9260278398747
5, 1, 0.5, 700, 38, 729.2959510962024
5, 1, 0.5, 800, 30, 914.8119319051468
5, 1, 0.5, 800, 22, 851.6175405416863
5, 1, 0.5, 800, 27, 855.897111950484
5, 1, 0.5, 800, 37, 846.5877990936491
5, 1, 0.5, 800, 55, 881.8525645812349
5, 1, 0.5, 999, 114, 999.4840799830474
5, 1, 0.5, 999, 62, 999.4383110945132
5, 1, 0.5, 999, 235, 999.0790666173375
5, 1, 0.5, 999, 315, 999.1914060428871
5, 1, 0.5, 999, 104, 999.081460048535
5, 1, 0.5, 999.9, 653, 999.9130159414341
5, 1, 0.5, 999.9, 993, 999.9812774777355
5, 1, 0.5, 999.9, 718, 999.9714844443756
5, 1, 0.5, 999.9, 395, 999.9847210056719
5, 1, 0.5, 999.9, 583, 999.9359908133795
5, 1, 0.5, 999.99, 2454, 999.9910596248207
5, 1, 0.5, 999.99, 2843, 999.9937496688764
5, 1, 0.5, 999.99, 3961, 999.99138507986
5, 1, 0.5, 999.99, 2318, 999.9924633986154
5, 1, 0.5, 999.99, 1077, 999.9938976647567
5, 1, 0.5, 999.999, 4820, 999.9991709413513
5, 1, 0.5, 999.999, 2775, 999.999018375308
5, 1, 0.5, 999.999, 6447, 999.9999067930027
5, 1, 0.5, 999.999, 3489, 999.9992697513906
5, 1, 0.5, 999.999, 6699, 999.9995093103656
5, 1, 0.5, 999.9999, 23406, 999.9999248865757
5, 1, 0.5, 999.9999, 14866, 999.9999603024401
5, 1, 0.5, 999.9999, 19735, 999.9999514559976
5, 1, 0.5, 999.9999, 15654, 999.999945876297
5, 1, 0.5, 999.9999, 16351, 999.9999356970396
5, 2, 0.5, 700, 31, 838.8875709578613
5, 2, 0.5, 700, 19, 707.3032740927803
5, 2, 0.5, 700, 13, 790.5988603711928
5, 2, 0.5, 700, 24, 899.9633131987198
5, 2, 0.5, 700, 23, 868.3173672993138
5, 2, 0.5, 800, 25, 844.9244799620557
5, 2, 0.5, 800, 19, 808.288457331909
5, 2, 0.5, 800, 9, 847.2148379410839
5, 2, 0.5, 800, 20, 932.2023936783651
5, 2, 0.5, 800, 24, 809.4735705058322
5, 2, 0.5, 999, 949, 999.100875112968
5, 2, 0.5, 999, 540, 999.0557054662892
5, 2, 0.5, 999, 1235, 999.0685153573307
5, 2, 0.5, 999, 747, 999.3765743914613
5, 2, 0.5, 999, 426, 999.0005327562717
5, 2, 0.5, 999.9, 19674, 999.9036704477194
5, 2, 0.5, 999.9, 8574, 999.9820074104979
5, 2, 0.5, 999.9, 4766, 999.9241912178934
5, 2, 0.5, 999.9, 4254, 999.9371470762834
5, 2, 0.5, 999.9, 20372, 999.9289481284846
5, 2, 0.5, 999.99, 115567, 999.9926429545563
5, 2, 0.5, 999.99, 51821, 999.9903339539516
5, 2, 0.5, 999.99, 84172, 999.9904678455971
5, 2, 0.5, 999.99, 55543, 999.9954273337258
5, 2, 0.5, 999.99, 52170, 999.9906353716036
5, 2, 0.5, 999.999, 1174493, 999.9996842904864
5, 2, 0.5, 999.999, 1133327, 999.9993205180368
5, 2, 0.5, 999.999, 903409, 999.9996901975596
5, 2, 0.5, 999.999, 1120528, 999.9990958611211
5, 2, 0.5, 999.999, 477179, 999.999146287887
5, 2, 0.5, 999.9999, 5435847, 999.999925795691
5, 2, 0.5, 999.9999, 5411717, 999.9999223107491
5, 2, 0.5, 999.9999, 8648814, 999.9999154159631
5, 2, 0.5, 999.9999, 10000000, 999.9998445317493
5, 2, 0.5, 999.9999, 10000000, 999.9998261829198
5, 3, 0.5, 700, 29, 717.0888533330173
5, 3, 0.5, 700, 14, 793.2534322918092
5, 3, 0.5, 700, 35, 703.1778374219064
5, 3, 0.5, 700, 30, 724.5202066001906
5, 3, 0.5, 700, 8, 748.3224244889908
5, 3, 0.5, 800, 10, 893.695556877555
5, 3, 0.5, 800, 33, 827.0486266103786
5, 3, 0.5, 800, 24, 821.6150548176158
5, 3, 0.5, 800, 26, 858.444285308453
5, 3, 0.5, 800, 44, 813.5691269263484
5, 3, 0.5, 999, 3650, 999.3660074205518
5, 3, 0.5, 999, 4541, 999.2923157348407
5, 3, 0.5, 999, 10586, 999.0356598642094
5, 3, 0.5, 999, 10181, 999.373430146167
5, 3, 0.5, 999, 15444, 999.1945485213283
5, 3, 0.5, 999.9, 389981, 999.9570550309992
5, 3, 0.5, 999.9, 235557, 999.9574873775974
5, 3, 0.5, 999.9, 339005, 999.9575739414787
5, 3, 0.5, 999.9, 279518, 999.9118194931758
5, 3, 0.5, 999.9, 150848, 999.9164800518283
5, 3, 0.5, 999.99, 10000000, 999.9894967385391
5, 3, 0.5, 999.99, 10000000, 999.9856637494091
5, 3, 0.5, 999.99, 10000000, 999.9892234477979
5, 3, 0.5, 999.99, 7192131, 999.9944475866489
5, 3, 0.5, 999.99, 4414392, 999.9928645059153
5, 3, 0.5, 999.999, 10000000, 999.9942127619714
5, 3, 0.5, 999.999, 10000000, 999.9960070058007
5, 3, 0.5, 999.999, 10000000, 999.9905693117648
5, 3, 0.5, 999.999, 10000000, 999.9956625264227
5, 3, 0.5, 999.999, 10000000, 999.9983236744013
5, 3, 0.5, 999.9999, 10000000, 999.9892306395187
5, 3, 0.5, 999.9999, 10000000, 999.9933977306173
5, 3, 0.5, 999.9999, 10000000, 999.990537807312
5, 3, 0.5, 999.9999, 10000000, 999.9904360219234
5, 3, 0.5, 999.9999, 10000000, 999.9957566105517
5, 4, 0.5, 700, 28, 718.9425215992374
5, 4, 0.5, 700, 24, 732.0235279388535
5, 4, 0.5, 700, 26, 830.0853670624807
5, 4, 0.5, 700, 17, 709.2337015657811
5, 4, 0.5, 700, 0, 761.8429823688792
5, 4, 0.5, 800, 24, 879.2918756155805
5, 4, 0.5, 800, 30, 800.0515263566559
5, 4, 0.5, 800, 28, 845.7271870459241
5, 4, 0.5, 800, 42, 815.412616380991
5, 4, 0.5, 800, 43, 907.9112870628327
5, 4, 0.5, 999, 30719, 999.7451922717064
5, 4, 0.5, 999, 29071, 999.514359720786
5, 4, 0.5, 999, 71703, 999.67067573267
5, 4, 0.5, 999, 7078, 999.1049755245197
5, 4, 0.5, 999, 5140, 999.5729885198149
5, 4, 0.5, 999.9, 2299383, 999.9168629940581
5, 4, 0.5, 999.9, 7482816, 999.927362676883
5, 4, 0.5, 999.9, 9745096, 999.9486886504236
5, 4, 0.5, 999.9, 5467586, 999.9199642838927
5, 4, 0.5, 999.9, 10000000, 999.8239114053067
5, 4, 0.5, 999.99, 10000000, 999.8349239199631
5, 4, 0.5, 999.99, 10000000, 999.8719843449588
5, 4, 0.5, 999.99, 10000000, 999.931128710788
5, 4, 0.5, 999.99, 10000000, 999.7939309061437
5, 4, 0.5, 999.99, 10000000, 999.9820758335277
5, 4, 0.5, 999.999, 10000000, 999.969278884588
5, 4, 0.5, 999.999, 10000000, 999.7765826984373
5, 4, 0.5, 999.999, 10000000, 999.9323910049028
5, 4, 0.5, 999.999, 10000000, 999.9429682497109
5, 4, 0.5, 999.999, 10000000, 999.7828104793543
5, 4, 0.5, 999.9999, 10000000, 999.9142588990688
5, 4, 0.5, 999.9999, 10000000, 999.9058090016661
5, 4, 0.5, 999.9999, 10000000, 999.9204318880655
5, 4, 0.5, 999.9999, 10000000, 999.9524749516645
5, 4, 0.5, 999.9999, 10000000, 999.8733047243676
5, 1, 0.25, 700, 68, 711.924810897185
5, 1, 0.25, 700, 64, 707.5978859140048
5, 1, 0.25, 700, 76, 732.9422844875897
5, 1, 0.25, 700, 46, 742.981534258502
5, 1, 0.25, 700, 72, 707.2078287609586
5, 1, 0.25, 800, 97, 829.4649552116318
5, 1, 0.25, 800, 65, 848.6594129481309
5, 1, 0.25, 800, 90, 808.3333306762181
5, 1, 0.25, 800, 85, 816.1606635424425
5, 1, 0.25, 800, 27, 820.0939498971045
5, 1, 0.25, 999, 144, 999.6313582740768
5, 1, 0.25, 999, 176, 999.3295786410199
5, 1, 0.25, 999, 147, 999.2587597476454
5, 1, 0.25, 999, 130, 999.0433208268246
5, 1, 0.25, 999, 138, 999.3592534708147
5, 1, 0.25, 999.9, 287, 999.9126141742523
5, 1, 0.25, 999.9, 299, 999.9107918323892
5, 1, 0.25, 999.9, 487, 999.9063680130814
5, 1, 0.25, 999.9, 247, 999.9195677575137
5, 1, 0.25, 999.9, 151, 999.9034660707601
5, 1, 0.25, 999.99, 655, 999.9951133054763
5, 1, 0.25, 999.99, 1590, 999.9935933719065
5, 1, 0.25, 999.99, 987, 999.9947683082364
5, 1, 0.25, 999.99, 1179, 999.9904938144696
5, 1, 0.25, 999.99, 356, 999.9928144412748
5, 1, 0.25, 999.999, 1962, 999.9991933011877
5, 1, 0.25, 999.999, 3432, 999.9999648990972
5, 1, 0.25, 999.999, 2019, 999.9991285754519
5, 1, 0.25, 999.999, 2491, 999.9997802676837
5, 1, 0.25, 999.999, 2435, 999.9994977027042
5, 1, 0.25, 999.9999, 5111, 999.9999127970851
5, 1, 0.25, 999.9999, 9029, 999.9999176424241
5, 1, 0.25, 999.9999, 8173, 999.9999101469414
5, 1, 0.25, 999.9999, 13655, 999.9999539113452
5, 1, 0.25, 999.9999, 7923, 999.9999173517997
5, 2, 0.25, 700, 38, 710.3222248473195
5, 2, 0.25, 700, 17, 771.8512136844327
5, 2, 0.25, 700, 47, 726.8478380740465
5, 2, 0.25, 700, 28, 711.5378602384193
5, 2, 0.25, 700, 14, 713.9171560613302
5, 2, 0.25, 800, 33, 812.0321920480708
5, 2, 0.25, 800, 66, 883.243777343121
5, 2, 0.25, 800, 68, 800.6792060875896
5, 2, 0.25, 800, 48, 827.2615030748398
5, 2, 0.25, 800, 68, 801.3883042961983
5, 2, 0.25, 999, 359, 999.4444214250102
5, 2, 0.25, 999, 168, 999.0716412234447
5, 2, 0.25, 999, 182, 999.7267348190821
5, 2, 0.25, 999, 111, 999.4195910805445
5, 2, 0.25, 999, 262, 999.0333688820047
5, 2, 0.25, 999.9, 4567, 999.9110627775166
5, 2, 0.25, 999.9, 2327, 999.9429406456456
5, 2, 0.25, 999.9, 2858, 999.9171798268557
5, 2, 0.25, 999.9, 4905, 999.9752000101425
5, 2, 0.25, 999.9, 2397, 999.9022165976553
5, 2, 0.25, 999.99, 17170, 999.9936919678172
5, 2, 0.25, 999.99, 5544, 999.9957088410249
5, 2, 0.25, 999.99, 9632, 999.9977840549565
5, 2, 0.25, 999.99, 64902, 999.991408680217
5, 2, 0.25, 999.99, 13314, 999.9900835664346
5, 2, 0.25, 999.999, 92900, 999.999358974655
5, 2, 0.25, 999.999, 130323, 999.999103125579
5, 2, 0.25, 999.999, 154977, 999.9993291274332
5, 2, 0.25, 999.999, 169811, 999.99953585363
5, 2, 0.25, 999.999, 79554, 999.9993284290504
5, 2, 0.25, 999.9999, 3353492, 999.9999061615674
5, 2, 0.25, 999.9999, 3302973, 999.9999092115124
5, 2, 0.25, 999.9999, 280440, 999.9999075668679
5, 2, 0.25, 999.9999, 4246956, 999.9999163990897
5, 2, 0.25, 999.9999, 2521104, 999.9999317743476
5, 3, 0.25, 700, 47, 755.934131464564
5, 3, 0.25, 700, 37, 750.5827139090122
5, 3, 0.25, 700, 15, 727.2387928211357
5, 3, 0.25, 700, 42, 704.3313364588007
5, 3, 0.25, 700, 27, 767.6796840500476
5, 3, 0.25, 800, 47, 807.8829249704227
5, 3, 0.25, 800, 41, 838.4727768517605
5, 3, 0.25, 800, 25, 818.3431217702396
5, 3, 0.25, 800, 48, 864.0140951424502
5, 3, 0.25, 800, 60, 831.9515522392146
5, 3, 0.25, 999, 900, 999.0634930059189
5, 3, 0.25, 999, 302, 999.1132116390896
5, 3, 0.25, 999, 2563, 999.168669942681
5, 3, 0.25, 999, 1770, 999.5357491652543
5, 3, 0.25, 999, 1503, 999.0237830292073
5, 3, 0.25, 999.9, 25798, 999.9346783362231
5, 3, 0.25, 999.9, 11014, 999.9227454289027
5, 3, 0.25, 999.9, 26656, 999.9574940495947
5, 3, 0.25, 999.9, 48359, 999.9579092630772
5, 3, 0.25, 999.9, 10222, 999.9140646450954
5, 3, 0.25, 999.99, 262371, 999.99243101467
5, 3, 0.25, 999.99, 30126, 999.9963897992744
5, 3, 0.25, 999.99, 1009371, 999.9921499598254
5, 3, 0.25, 999.99, 1383985, 999.9912658138168
5, 3, 0.25, 999.99, 445067, 999.9929068601409
5, 3, 0.25, 999.999, 10000000, 999.9977517973169
5, 3, 0.25, 999.999, 4780293, 999.9995512459355
5, 3, 0.25, 999.999, 8468146, 999.9992442444325
5, 3, 0.25, 999.999, 10000000, 999.9977164333944
5, 3, 0.25, 999.999, 10000000, 999.9986602934384
5, 3, 0.25, 999.9999, 10000000, 999.997006526727
5, 3, 0.25, 999.9999, 10000000, 999.9967468110159
5, 3, 0.25, 999.9999, 10000000, 999.9961835331862
5, 3, 0.25, 999.9999, 10000000, 999.9977739656985
5, 3, 0.25, 999.9999, 10000000, 999.997714079856
5, 4, 0.25, 700, 36, 762.0370499939594
5, 4, 0.25, 700, 40, 728.0798114293041
5, 4, 0.25, 700, 50, 712.3930668774148
5, 4, 0.25, 700, 20, 749.7197810596366
5, 4, 0.25, 700, 21, 773.1064323674443
5, 4, 0.25, 800, 19, 825.5132059322194
5, 4, 0.25, 800, 43, 877.7827438226682
5, 4, 0.25, 800, 45, 864.8542309300055
5, 4, 0.25, 800, 36, 849.3795102461235
5, 4, 0.25, 800, 28, 868.6838344756638
5, 4, 0.25, 999, 3332, 999.3045653207294
5, 4, 0.25, 999, 814, 999.5203753791476
5, 4, 0.25, 999, 3032, 999.1619050415046
5, 4, 0.25, 999, 10838, 999.2473635056615
5, 4, 0.25, 999, 1310, 999.2846679738425
5, 4, 0.25, 999.9, 816456, 999.9315314251756
5, 4, 0.25, 999.9, 720354, 999.9751793362651
5, 4, 0.25, 999.9, 335468, 999.9460551741201
5, 4, 0.25, 999.9, 434278, 999.9168500529602
5, 4, 0.25, 999.9, 188404, 999.969938230904
5, 4, 0.25, 999.99, 10000000, 999.9742257845521
5, 4, 0.25, 999.99, 10000000, 999.9486735716313
5, 4, 0.25, 999.99, 10000000, 999.9774860002386
5, 4, 0.25, 999.99, 10000000, 999.9701147668954
5, 4, 0.25, 999.99, 10000000, 999.9827657995457
5, 4, 0.25, 999.999, 10000000, 999.9852528866562
5, 4, 0.25, 999.999, 10000000, 999.9809960655506
5, 4, 0.25, 999.999, 10000000, 999.97925835251
5, 4, 0.25, 999.999, 10000000, 999.9618959634545
5, 4, 0.25, 999.999, 10000000, 999.977237476265
5, 4, 0.25, 999.9999, 10000000, 999.9893661992635
5, 4, 0.25, 999.9999, 10000000, 999.9842333414734
5, 4, 0.25, 999.9999, 10000000, 999.9709423058974
5, 4, 0.25, 999.9999, 10000000, 999.964614008769
5, 4, 0.25, 999.9999, 10000000, 999.9645342676486
5, 1, 0.1, 700, 104, 701.495867209965
5, 1, 0.1, 700, 221, 707.9451449797733
5, 1, 0.1, 700, 98, 710.7398471891813
5, 1, 0.1, 700, 215, 714.5725240896977
5, 1, 0.1, 700, 99, 701.9915653657246
5, 1, 0.1, 800, 257, 811.8600552199146
5, 1, 0.1, 800, 9, 815.054884476181
5, 1, 0.1, 800, 179, 806.8397364181219
5, 1, 0.1, 800, 52, 803.3199070670424
5, 1, 0.1, 800, 242, 810.3090182071254
5, 1, 0.1, 999, 326, 999.8490747757165
5, 1, 0.1, 999, 387, 999.9195906231312
5, 1, 0.1, 999, 211, 999.8071278674043
5, 1, 0.1, 999, 257, 999.8793265206116
5, 1, 0.1, 999, 120, 999.4851960393607
5, 1, 0.1, 999.9, 301, 999.9930172505502
5, 1, 0.1, 999.9, 376, 999.991361218529
5, 1, 0.1, 999.9, 381, 999.9256862572983
5, 1, 0.1, 999.9, 212, 999.9201247203875
5, 1, 0.1, 999.9, 347, 999.9500266035972
5, 1, 0.1, 999.99, 332, 999.9957303759653
5, 1, 0.1, 999.99, 446, 999.9947562884078
5, 1, 0.1, 999.99, 685, 999.9926156599297
5, 1, 0.1, 999.99, 765, 999.9948124487194
5, 1, 0.1, 999.99, 282, 999.9963341973126
5, 1, 0.1, 999.999, 1125, 999.9996724639061
5, 1, 0.1, 999.999, 1301, 999.9993524667493
5, 1, 0.1, 999.999, 1561, 999.9999555517064
5, 1, 0.1, 999.999, 998, 999.9991533124759
5, 1, 0.1, 999.999, 879, 999.9994110028764
5, 1, 0.1, 999.9999, 2495, 999.9999108547737
5, 1, 0.1, 999.9999, 1876, 999.9999482415229
5, 1, 0.1, 999.9999, 3493, 999.9999896637125
5, 1, 0.1, 999.9999, 4185, 999.9999319693194
5, 1, 0.1, 999.9999, 4361, 999.9999017967242
5, 2, 0.1, 700, 63, 745.4063372591536
5, 2, 0.1, 700, 82, 726.0108454795161
5, 2, 0.1, 700, 78, 704.1256927455761
5, 2, 0.1, 700, 66, 709.3390263626143
5, 2, 0.1, 700, 133, 702.0497846600549
5, 2, 0.1, 800, 102, 812.6967756130389
5, 2, 0.1, 800, 117, 804.535328929263
5, 2, 0.1, 800, 87, 801.1145108874757
5, 2, 0.1, 800, 64, 814.311995744193
5, 2, 0.1, 800, 106, 813.3973609836985
5, 2, 0.1, 999, 232, 999.2215202417947
5, 2, 0.1, 999, 210, 999.004139797554
5, 2, 0.1, 999, 136, 999.1470244341739
5, 2, 0.1, 999, 204, 999.45185172251
5, 2, 0.1, 999, 185, 999.0263406704007
5, 2, 0.1, 999.9, 278, 999.9052849300942
5, 2, 0.1, 999.9, 1232, 999.9386969841837
5, 2, 0.1, 999.9, 528, 999.9582508410417
5, 2, 0.1, 999.9, 854, 999.9161027207776
5, 2, 0.1, 999.9, 504, 999.9156343107584
5, 2, 0.1, 999.99, 5474, 999.9981405920897
5, 2, 0.1, 999.99, 9870, 999.9985267957625
5, 2, 0.1, 999.99, 2229, 999.9919291187316
5, 2, 0.1, 999.99, 3380, 999.9925524911234
5, 2, 0.1, 999.99, 5125, 999.9954191836217
5, 2, 0.1, 999.999, 46591, 999.9991601929781
5, 2, 0.1, 999.999, 10233, 999.9990703487817
5, 2, 0.1, 999.999, 16792, 999.9991464577174
5, 2, 0.1, 999.999, 21303, 999.9992082955042
5, 2, 0.1, 999.999, 21778, 999.9992351473683
5, 2, 0.1, 999.9999, 384742, 999.9999170613874
5, 2, 0.1, 999.9999, 211838, 999.9999525907007
5, 2, 0.1, 999.9999, 369027, 999.9999236765317
5, 2, 0.1, 999.9999, 92868, 999.9999392746391
5, 2, 0.1, 999.9999, 555572, 999.999910248675
5, 3, 0.1, 700, 60, 730.3622003661507
5, 3, 0.1, 700, 88, 717.8782795364274
5, 3, 0.1, 700, 34, 702.7742863000428
5, 3, 0.1, 700, 79, 703.937539805563
5, 3, 0.1, 700, 90, 731.1730110510389
5, 3, 0.1, 800, 92, 823.0191564931838
5, 3, 0.1, 800, 67, 827.998588177687
5, 3, 0.1, 800, 72, 821.3469523039411
5, 3, 0.1, 800, 121, 805.4336256351141
5, 3, 0.1, 800, 32, 834.8932590465566
5, 3, 0.1, 999, 197, 999.0040791620289
5, 3, 0.1, 999, 141, 999.2413174407627
5, 3, 0.1, 999, 132, 999.565004111338
5, 3, 0.1, 999, 245, 999.4538042284885
5, 3, 0.1, 999, 218, 999.0016002427343
5, 3, 0.1, 999.9, 1091, 999.9314255985885
5, 3, 0.1, 999.9, 3852, 999.9272060403299
5, 3, 0.1, 999.9, 5839, 999.9107751334948
5, 3, 0.1, 999.9, 5184, 999.9139213943105
5, 3, 0.1, 999.9, 2756, 999.9260667600372
5, 3, 0.1, 999.99, 35568, 999.9953328271315
5, 3, 0.1, 999.99, 44149, 999.9943206886536
5, 3, 0.1, 999.99, 29273, 999.9941495245067
5, 3, 0.1, 999.99, 74600, 999.9924768693783
5, 3, 0.1, 999.99, 96445, 999.9920287698397
5, 3, 0.1, 999.999, 716709, 999.9992363651778
5, 3, 0.1, 999.999, 3269546, 999.9991663676263
5, 3, 0.1, 999.999, 1851949, 999.9994556226875
5, 3, 0.1, 999.999, 1027496, 999.999596780482
5, 3, 0.1, 999.999, 2150151, 999.9990750991492
5, 3, 0.1, 999.9999, 10000000, 999.9998128674151
5, 3, 0.1, 999.9999, 10000000, 999.9997102709615
5, 3, 0.1, 999.9999, 10000000, 999.9998578100216
5, 3, 0.1, 999.9999, 10000000, 999.9997460559827
5, 3, 0.1, 999.9999, 10000000, 999.9997208903038
5, 4, 0.1, 700, 36, 734.3374790796383
5, 4, 0.1, 700, 66, 700.6713637907022
5, 4, 0.1, 700, 40, 701.1766802623159
5, 4, 0.1, 700, 36, 713.00507712879
5, 4, 0.1, 700, 63, 716.9584476427765
5, 4, 0.1, 800, 81, 820.0592450415176
5, 4, 0.1, 800, 89, 812.4968003248379
5, 4, 0.1, 800, 70, 817.0529250174044
5, 4, 0.1, 800, 59, 802.4476827655105
5, 4, 0.1, 800, 47, 823.160882314595
5, 4, 0.1, 999, 327, 999.0695332357539
5, 4, 0.1, 999, 317, 999.4760168112665
5, 4, 0.1, 999, 149, 999.0598610486477
5, 4, 0.1, 999, 158, 999.0331843403956
5, 4, 0.1, 999, 564, 999.4380573445474
5, 4, 0.1, 999.9, 1221, 999.9191507914134
5, 4, 0.1, 999.9, 4762, 999.9294098063016
5, 4, 0.1, 999.9, 7459, 999.9390674802389
5, 4, 0.1, 999.9, 2964, 999.9391230150474
5, 4, 0.1, 999.9, 32404, 999.9170095885802
5, 4, 0.1, 999.99, 1581595, 999.9911954741124
5, 4, 0.1, 999.99, 835123, 999.9951851020741
5, 4, 0.1, 999.99, 301802, 999.9958165050858
5, 4, 0.1, 999.99, 379055, 999.9932159227176
5, 4, 0.1, 999.99, 3359050, 999.9926204923362
5, 4, 0.1, 999.999, 10000000, 999.9939694932618
5, 4, 0.1, 999.999, 10000000, 999.9975244198054
5, 4, 0.1, 999.999, 10000000, 999.9940057106439
5, 4, 0.1, 999.999, 10000000, 999.9978071769601
5, 4, 0.1, 999.999, 10000000, 999.9954139368563
5, 4, 0.1, 999.9999, 10000000, 999.9956927788694
5, 4, 0.1, 999.9999, 10000000, 999.9969880565466
5, 4, 0.1, 999.9999, 10000000, 999.996156116933
5, 4, 0.1, 999.9999, 10000000, 999.9980888810475
5, 4, 0.1, 999.9999, 10000000, 999.9970045105558
5, 1, 0.05, 700, 405, 700.2544652480092
5, 1, 0.05, 700, 363, 701.7637333843445
5, 1, 0.05, 700, 27, 718.8181787529068
5, 1, 0.05, 700, 278, 704.9816010242506
5, 1, 0.05, 700, 323, 702.9288523792516
5, 1, 0.05, 800, 103, 807.9906149590194
5, 1, 0.05, 800, 381, 816.0859036326923
5, 1, 0.05, 800, 287, 803.7904990385189
5, 1, 0.05, 800, 291, 813.2807327466726
5, 1, 0.05, 800, 319, 806.0502759003003
5, 1, 0.05, 999, 598, 999.5417031621522
5, 1, 0.05, 999, 340, 999.9932432602105
5, 1, 0.05, 999, 545, 999.268081374487
5, 1, 0.05, 999, 694, 999.9580712533431
5, 1, 0.05, 999, 640, 999.7922704671986
5, 1, 0.05, 999.9, 610, 999.9361033867203
5, 1, 0.05, 999.9, 506, 999.944282727561
5, 1, 0.05, 999.9, 658, 999.9215286643448
5, 1, 0.05, 999.9, 592, 999.9863120458965
5, 1, 0.05, 999.9, 643, 999.9632757863425
5, 1, 0.05, 999.99, 646, 999.9988061982796
5, 1, 0.05, 999.99, 593, 999.9983502538811
5, 1, 0.05, 999.99, 684, 999.9992185626311
5, 1, 0.05, 999.99, 586, 999.9951595256302
5, 1, 0.05, 999.99, 577, 999.9972718892327
5, 1, 0.05, 999.999, 1133, 999.9990577053986
5, 1, 0.05, 999.999, 1054, 999.9997986274212
5, 1, 0.05, 999.999, 1169, 999.9997499633299
5, 1, 0.05, 999.999, 624, 999.9990542421631
5, 1, 0.05, 999.999, 931, 999.9993843511203
5, 1, 0.05, 999.9999, 3335, 999.9999000250916
5, 1, 0.05, 999.9999, 2747, 999.9999220876265
5, 1, 0.05, 999.9999, 1472, 999.9999276330205
5, 1, 0.05, 999.9999, 2196, 999.9999501298656
5, 1, 0.05, 999.9999, 1331, 999.9999080605037
5, 2, 0.05, 700, 198, 700.5567710993121
5, 2, 0.05, 700, 264, 708.7475395802543
5, 2, 0.05, 700, 245, 702.5388068796371
5, 2, 0.05, 700, 202, 704.1103244144485
5, 2, 0.05, 700, 177, 705.946429984229
5, 2, 0.05, 800, 167, 800.9254270519158
5, 2, 0.05, 800, 107, 800.16700582708
5, 2, 0.05, 800, 204, 807.8109405783267
5, 2, 0.05, 800, 184, 800.9397168329951
5, 2, 0.05, 800, 206, 802.6393074420743
5, 2, 0.05, 999, 192, 999.1437813892297
5, 2, 0.05, 999, 378, 999.1823458939327
5, 2, 0.05, 999, 177, 999.395537292942
5, 2, 0.05, 999, 297, 999.0052905086924
5, 2, 0.05, 999, 312, 999.6576427553783
5, 2, 0.05, 999.9, 522, 999.9673057751406
5, 2, 0.05, 999.9, 469, 999.9452592977806
5, 2, 0.05, 999.9, 294, 999.9257890701015
5, 2, 0.05, 999.9, 278, 999.9050864900288
5, 2, 0.05, 999.9, 352, 999.9118421745001
5, 2, 0.05, 999.99, 2050, 999.9916539687333
5, 2, 0.05, 999.99, 863, 999.9904536280726
5, 2, 0.05, 999.99, 1680, 999.9906903159779
5, 2, 0.05, 999.99, 610, 999.9964569514785
5, 2, 0.05, 999.99, 803, 999.9944591580658
5, 2, 0.05, 999.999, 13240, 999.9992123908678
5, 2, 0.05, 999.999, 7658, 999.9995665782349
5, 2, 0.05, 999.999, 7210, 999.9990903997223
5, 2, 0.05, 999.999, 12423, 999.9991976850414
5, 2, 0.05, 999.999, 4458, 999.9992670306335
5, 2, 0.05, 999.9999, 88611, 999.9999455853939
5, 2, 0.05, 999.9999, 24359, 999.9999160346049
5, 2, 0.05, 999.9999, 60285, 999.9999083301394
5, 2, 0.05, 999.9999, 107536, 999.9999318110653
5, 2, 0.05, 999.9999, 156005, 999.9999331139081
5, 3, 0.05, 700, 89, 715.6499603673367
5, 3, 0.05, 700, 206, 701.6683111603234
5, 3, 0.05, 700, 106, 702.1341484942045
5, 3, 0.05, 700, 214, 713.4381313391158
5, 3, 0.05, 700, 141, 706.1291086570656
5, 3, 0.05, 800, 97, 810.8075458427177
5, 3, 0.05, 800, 152, 813.7733118721953
5, 3, 0.05, 800, 231, 801.7039872899479
5, 3, 0.05, 800, 75, 801.6111264851492
5, 3, 0.05, 800, 215, 804.6458068055382
5, 3, 0.05, 999, 255, 999.4711364567066
5, 3, 0.05, 999, 240, 999.2512483289671
5, 3, 0.05, 999, 137, 999.65549923109
5, 3, 0.05, 999, 263, 999.8324734979301
5, 3, 0.05, 999, 230, 999.0104053069912
5, 3, 0.05, 999.9, 714, 999.9687805449682
5, 3, 0.05, 999.9, 445, 999.9030666390777
5, 3, 0.05, 999.9, 644, 999.9496912168479
5, 3, 0.05, 999.9, 252, 999.9207936029148
5, 3, 0.05, 999.9, 616, 999.9008231756994
5, 3, 0.05, 999.99, 4858, 999.9910809459136
5, 3, 0.05, 999.99, 1574, 999.9908419606961
5, 3, 0.05, 999.99, 17372, 999.9976591819878
5, 3, 0.05, 999.99, 11018, 999.9937279090168
5, 3, 0.05, 999.99, 6351, 999.9947365397029
5, 3, 0.05, 999.999, 121988, 999.9993249777255
5, 3, 0.05, 999.999, 822957, 999.9990622852342
5, 3, 0.05, 999.999, 135547, 999.9992049778685
5, 3, 0.05, 999.999, 278782, 999.9993196205371
5, 3, 0.05, 999.999, 245873, 999.9992380508706
5, 3, 0.05, 999.9999, 10000000, 999.999869630422
5, 3, 0.05, 999.9999, 6703201, 999.9999011213396
5, 3, 0.05, 999.9999, 4313097, 999.9999215284656
5, 3, 0.05, 999.9999, 8528039, 999.99993885509
5, 3, 0.05, 999.9999, 10000000, 999.999871976127
5, 4, 0.05, 700, 46, 706.0007586944529
5, 4, 0.05, 700, 103, 722.996271547126
5, 4, 0.05, 700, 189, 714.4769455218976
5, 4, 0.05, 700, 117, 703.6883801469081
5, 4, 0.05, 700, 172, 712.8240488623036
5, 4, 0.05, 800, 137, 826.5408989433859
5, 4, 0.05, 800, 78, 802.7861713936752
5, 4, 0.05, 800, 175, 803.5715201571473
5, 4, 0.05, 800, 166, 801.1675253453623
5, 4, 0.05, 800, 113, 800.4357137235704
5, 4, 0.05, 999, 228, 999.7778723986147
5, 4, 0.05, 999, 258, 999.0424481809495
5, 4, 0.05, 999, 207, 999.4512036890006
5, 4, 0.05, 999, 159, 999.9491869960564
5, 4, 0.05, 999, 247, 999.3168210124095
5, 4, 0.05, 999.9, 646, 999.9128149798756
5, 4, 0.05, 999.9, 1344, 999.917522446362
5, 4, 0.05, 999.9, 397, 999.9246284436921
5, 4, 0.05, 999.9, 521, 999.9301705430104
5, 4, 0.05, 999.9, 420, 999.9156985769697
5, 4, 0.05, 999.99, 109871, 999.9911882740879
5, 4, 0.05, 999.99, 43104, 999.991911600928
5, 4, 0.05, 999.99, 46152, 999.9901627809382
5, 4, 0.05, 999.99, 62883, 999.9949731965719
5, 4, 0.05, 999.99, 36557, 999.9907926290612
5, 4, 0.05, 999.999, 1675374, 999.9996038712438
5, 4, 0.05, 999.999, 10000000, 999.9987864277615
5, 4, 0.05, 999.999, 8809390, 999.9993045887837
5, 4, 0.05, 999.999, 8926279, 999.9999307573435
5, 4, 0.05, 999.999, 2730740, 999.999211008887
5, 4, 0.05, 999.9999, 10000000, 999.9992590346109
5, 4, 0.05, 999.9999, 10000000, 999.9989189899719
5, 4, 0.05, 999.9999, 10000000, 999.9989686292226
5, 4, 0.05, 999.9999, 10000000, 999.9985561600167
5, 4, 0.05, 999.9999, 10000000, 999.9990107259156
10, 1, 0.5, 700, 105, 726.9992695811494
10, 1, 0.5, 700, 179, 888.4035114085927
10, 1, 0.5, 700, 87, 795.3858983451227
10, 1, 0.5, 700, 76, 702.5560318092394
10, 1, 0.5, 700, 69, 738.5358730515612
10, 1, 0.5, 800, 100, 819.0798703081607
10, 1, 0.5, 800, 87, 865.8219346915449
10, 1, 0.5, 800, 125, 821.3217622039127
10, 1, 0.5, 800, 131, 953.5250354124748
10, 1, 0.5, 800, 114, 806.892887573627
10, 1, 0.5, 999, 640, 999.0248874044385
10, 1, 0.5, 999, 379, 999.0397502966414
10, 1, 0.5, 999, 585, 999.0581097691329
10, 1, 0.5, 999, 560, 999.1014399790234
10, 1, 0.5, 999, 386, 999.2023593573256
10, 1, 0.5, 999.9, 1928, 999.904340334253
10, 1, 0.5, 999.9, 1230, 999.9089524813849
10, 1, 0.5, 999.9, 906, 999.9630771546992
10, 1, 0.5, 999.9, 1072, 999.9037713837936
10, 1, 0.5, 999.9, 964, 999.935048765081
10, 1, 0.5, 999.99, 4359, 999.9900189340676
10, 1, 0.5, 999.99, 4876, 999.9900884448276
10, 1, 0.5, 999.99, 4147, 999.9916711232277
10, 1, 0.5, 999.99, 6899, 999.9911825059039
10, 1, 0.5, 999.99, 9292, 999.993803587546
10, 1, 0.5, 999.999, 26850, 999.9990830968715
10, 1, 0.5, 999.999, 13244, 999.99903584975
10, 1, 0.5, 999.999, 14638, 999.9994951813824
10, 1, 0.5, 999.999, 17792, 999.9998987341692
10, 1, 0.5, 999.999, 25397, 999.9993540305634
10, 1, 0.5, 999.9999, 33717, 999.9999003053902
10, 1, 0.5, 999.9999, 123017, 999.9999052834506
10, 1, 0.5, 999.9999, 48533, 999.9999107021669
10, 1, 0.5, 999.9999, 28239, 999.9999030061875
10, 1, 0.5, 999.9999, 72167, 999.9999121683269
10, 2, 0.5, 700, 91, 758.8826158469755
10, 2, 0.5, 700, 104, 745.7578988698101
10, 2, 0.5, 700, 41, 788.0007504637111
10, 2, 0.5, 700, 66, 726.3533474784924
10, 2, 0.5, 700, 50, 711.5705484165297
10, 2, 0.5, 800, 57, 833.115482762538
10, 2, 0.5, 800, 94, 895.7418903271249
10, 2, 0.5, 800, 55, 835.191768351427
10, 2, 0.5, 800, 101, 827.8087505404947
10, 2, 0.5, 800, 113, 812.7973240611204
10, 2, 0.5, 999, 5939, 999.1671362230702
10, 2, 0.5, 999, 6338, 999.005073882468
10, 2, 0.5, 999, 5565, 999.2014802787813
10, 2, 0.5, 999, 4258, 999.0485427438796
10, 2, 0.5, 999, 4874, 999.3454796716834
10, 2, 0.5, 999.9, 36342, 999.9124723384742
10, 2, 0.5, 999.9, 35000, 999.9277092897443
10, 2, 0.5, 999.9, 31542, 999.9159340727933
10, 2, 0.5, 999.9, 33071, 999.9096126247134
10, 2, 0.5, 999.9, 15725, 999.9122602726887
10, 2, 0.5, 999.99, 144185, 999.9905657928012
10, 2, 0.5, 999.99, 252403, 999.9908833692995
10, 2, 0.5, 999.99, 272865, 999.9919791567643
10, 2, 0.5, 999.99, 312116, 999.9900183373494
10, 2, 0.5, 999.99, 447992, 999.991087298066
10, 2, 0.5, 999.999, 1327053, 999.9990114251923
10, 2, 0.5, 999.999, 2563022, 999.9995940779845
10, 2, 0.5, 999.999, 3647037, 999.9994314093136
10, 2, 0.5, 999.999, 2587904, 999.9990601606186
10, 2, 0.5, 999.999, 947503, 999.9993624029216
10, 2, 0.5, 999.9999, 10000000, 999.9993244585431
10, 2, 0.5, 999.9999, 10000000, 999.999272193701
10, 2, 0.5, 999.9999, 10000000, 999.9997244819155
10, 2, 0.5, 999.9999, 10000000, 999.9996841647436
10, 2, 0.5, 999.9999, 10000000, 999.9995741669543
10, 3, 0.5, 700, 97, 788.3636715081137
10, 3, 0.5, 700, 63, 716.2707357734355
10, 3, 0.5, 700, 54, 708.0147223034782
10, 3, 0.5, 700, 39, 729.6341726591136
10, 3, 0.5, 700, 55, 739.8000144856419
10, 3, 0.5, 800, 58, 895.3821132125615
10, 3, 0.5, 800, 65, 822.2200115565415
10, 3, 0.5, 800, 66, 804.9454164114052
10, 3, 0.5, 800, 102, 869.4225310553428
10, 3, 0.5, 800, 80, 806.9267402829968
10, 3, 0.5, 999, 14385, 999.1392399520178
10, 3, 0.5, 999, 92776, 999.0029718400715
10, 3, 0.5, 999, 77211, 999.130026514412
10, 3, 0.5, 999, 64028, 999.1568638436529
10, 3, 0.5, 999, 59834, 999.0344810065872
10, 3, 0.5, 999.9, 1043255, 999.9087515265539
10, 3, 0.5, 999.9, 1726795, 999.907556677253
10, 3, 0.5, 999.9, 1937745, 999.9615135553291
10, 3, 0.5, 999.9, 1104725, 999.9590307600365
10, 3, 0.5, 999.9, 1271522, 999.9412103904438
10, 3, 0.5, 999.99, 10000000, 999.9861995143567
10, 3, 0.5, 999.99, 10000000, 999.9794481909058
10, 3, 0.5, 999.99, 10000000, 999.9706022631632
10, 3, 0.5, 999.99, 10000000, 999.9711469652515
10, 3, 0.5, 999.99, 10000000, 999.9733724516351
10, 3, 0.5, 999.999, 10000000, 999.9781987560347
10, 3, 0.5, 999.999, 10000000, 999.9704005521613
10, 3, 0.5, 999.999, 10000000, 999.9560737761151
10, 3, 0.5, 999.999, 10000000, 999.9796750573994
10, 3, 0.5, 999.999, 10000000, 999.9720652386351
10, 3, 0.5, 999.9999, 10000000, 999.9647323042307
10, 3, 0.5, 999.9999, 10000000, 999.9820177761611
10, 3, 0.5, 999.9999, 10000000, 999.9624798868781
10, 3, 0.5, 999.9999, 10000000, 999.9568863761438
10, 3, 0.5, 999.9999, 10000000, 999.9644027541833
10, 4, 0.5, 700, 71, 755.3559306626717
10, 4, 0.5, 700, 61, 828.4550132257848
10, 4, 0.5, 700, 47, 731.2857513731858
10, 4, 0.5, 700, 45, 702.7102570869306
10, 4, 0.5, 700, 35, 717.7467993100166
10, 4, 0.5, 800, 60, 808.5427883621358
10, 4, 0.5, 800, 61, 804.3243504321247
10, 4, 0.5, 800, 52, 860.6545269565095
10, 4, 0.5, 800, 80, 883.7173489447223
10, 4, 0.5, 800, 97, 804.2155915438468
10, 4, 0.5, 999, 476232, 999.0026704219745
10, 4, 0.5, 999, 814751, 999.1286433064071
10, 4, 0.5, 999, 97513, 999.5023709801635
10, 4, 0.5, 999, 475420, 999.073707322203
10, 4, 0.5, 999, 1466526, 999.1214362994572
10, 4, 0.5, 999.9, 10000000, 999.6943632947517
10, 4, 0.5, 999.9, 7143270, 999.9044947882724
10, 4, 0.5, 999.9, 10000000, 999.8190170266665
10, 4, 0.5, 999.9, 10000000, 999.7934711313475
10, 4, 0.5, 999.9, 10000000, 999.836470317638
10, 4, 0.5, 999.99, 10000000, 999.6982174702007
10, 4, 0.5, 999.99, 10000000, 999.7488069376225
10, 4, 0.5, 999.99, 10000000, 999.9095816443645
10, 4, 0.5, 999.99, 10000000, 999.8257959375583
10, 4, 0.5, 999.99, 10000000, 999.7625266170404
10, 4, 0.5, 999.999, 10000000, 999.7530980120802
10, 4, 0.5, 999.999, 10000000, 999.7941426793655
10, 4, 0.5, 999.999, 10000000, 999.7927611934957
10, 4, 0.5, 999.999, 10000000, 999.7942818347373
10, 4, 0.5, 999.999, 10000000, 999.8744136962972
10, 4, 0.5, 999.9999, 10000000, 999.7597034542507
10, 4, 0.5, 999.9999, 10000000, 999.6458886476127
10, 4, 0.5, 999.9999, 10000000, 999.8148250022472
10, 4, 0.5, 999.9999, 10000000, 999.688877412252
10, 4, 0.5, 999.9999, 10000000, 999.7410412917051
10, 5, 0.5, 700, 46, 732.8522164811615
10, 5, 0.5, 700, 43, 709.2892269278409
10, 5, 0.5, 700, 66, 746.8350787112942
10, 5, 0.5, 700, 71, 775.0968308852475
10, 5, 0.5, 700, 55, 800.5878077050006
10, 5, 0.5, 800, 77, 807.254255646755
10, 5, 0.5, 800, 60, 877.6292596419227
10, 5, 0.5, 800, 82, 874.2818987728813
10, 5, 0.5, 800, 116, 802.2539051540369
10, 5, 0.5, 800, 117, 804.9575705767745
10, 5, 0.5, 999, 2585970, 999.0411303750951
10, 5, 0.5, 999, 848716, 999.0881290840674
10, 5, 0.5, 999, 4285408, 999.1612502482395
10, 5, 0.5, 999, 10000000, 998.6546158509127
10, 5, 0.5, 999, 5655927, 999.1498376534167
10, 5, 0.5, 999.9, 10000000, 999.2466004882841
10, 5, 0.5, 999.9, 10000000, 999.3353517001169
10, 5, 0.5, 999.9, 10000000, 999.2934853216045
10, 5, 0.5, 999.9, 10000000, 999.0048189334485
10, 5, 0.5, 999.9, 10000000, 999.3623456400038
10, 5, 0.5, 999.99, 10000000, 998.9350067906696
10, 5, 0.5, 999.99, 10000000, 999.2611215393927
10, 5, 0.5, 999.99, 10000000, 999.4884386954853
10, 5, 0.5, 999.99, 10000000, 999.1348898771098
10, 5, 0.5, 999.99, 10000000, 999.28542334325
10, 5, 0.5, 999.999, 10000000, 998.9373932054912
10, 5, 0.5, 999.999, 10000000, 999.3114557102699
10, 5, 0.5, 999.999, 10000000, 999.1944023507386
10, 5, 0.5, 999.999, 10000000, 999.0147005860547
10, 5, 0.5, 999.999, 10000000, 998.8684515035563
10, 5, 0.5, 999.9999, 10000000, 998.8126548398257
10, 5, 0.5, 999.9999, 10000000, 999.2670884087428
10, 5, 0.5, 999.9999, 10000000, 998.5688132726123
10, 5, 0.5, 999.9999, 10000000, 999.6074471237974
10, 5, 0.5, 999.9999, 10000000, 999.3634342576495
10, 6, 0.5, 700, 84, 726.582512682717
10, 6, 0.5, 700, 70, 720.7084312365203
10, 6, 0.5, 700, 109, 774.2897625562945
10, 6, 0.5, 700, 52, 704.5923800407071
10, 6, 0.5, 700, 62, 796.6067613262371
10, 6, 0.5, 800, 133, 841.2465086012877
10, 6, 0.5, 800, 154, 820.2909864465088
10, 6, 0.5, 800, 111, 876.9995662643178
10, 6, 0.5, 800, 49, 820.9990299930213
10, 6, 0.5, 800, 137, 836.1110221581575
10, 6, 0.5, 999, 10000000, 997.8819679407525
10, 6, 0.5, 999, 10000000, 997.5833607907703
10, 6, 0.5, 999, 10000000, 997.4626932568084
10, 6, 0.5, 999, 10000000, 998.9094323656079
10, 6, 0.5, 999, 10000000, 997.9730716642132
10, 6, 0.5, 999.9, 10000000, 998.6439501032659
10, 6, 0.5, 999.9, 10000000, 997.9115070888301
10, 6, 0.5, 999.9, 10000000, 998.0955446704173
10, 6, 0.5, 999.9, 10000000, 998.5659585913356
10, 6, 0.5, 999.9, 10000000, 998.5916541950991
10, 6, 0.5, 999.99, 10000000, 998.1918487270626
10, 6, 0.5, 999.99, 10000000, 998.0009465560598
10, 6, 0.5, 999.99, 10000000, 999.2133252491122
10, 6, 0.5, 999.99, 10000000, 997.6030945589077
10, 6, 0.5, 999.99, 10000000, 998.5804205663965
10, 6, 0.5, 999.999, 10000000, 996.5586928700303
10, 6, 0.5, 999.999, 10000000, 996.9517053012516
10, 6, 0.5, 999.999, 10000000, 999.1628064837679
10, 6, 0.5, 999.999, 10000000, 998.6077844890923
10, 6, 0.5, 999.999, 10000000, 996.505818252116
10, 6, 0.5, 999.9999, 10000000, 997.4794179389355
10, 6, 0.5, 999.9999, 10000000, 996.8212247824548
10, 6, 0.5, 999.9999, 10000000, 998.9110673448862
10, 6, 0.5, 999.9999, 10000000, 997.4759544011288
10, 6, 0.5, 999.9999, 10000000, 997.3200861044568
10, 7, 0.5, 700, 57, 762.6789030655613
10, 7, 0.5, 700, 82, 763.4306066522593
10, 7, 0.5, 700, 95, 771.7352834519049
10, 7, 0.5, 700, 47, 702.3887826343708
10, 7, 0.5, 700, 81, 703.2029627008562
10, 7, 0.5, 800, 101, 873.5339400941857
10, 7, 0.5, 800, 90, 854.1505843785185
10, 7, 0.5, 800, 144, 848.2452956061882
10, 7, 0.5, 800, 89, 809.4790062498004
10, 7, 0.5, 800, 140, 834.4287913402122
10, 7, 0.5, 999, 10000000, 994.9905219598064
10, 7, 0.5, 999, 10000000, 995.0756806842106
10, 7, 0.5, 999, 10000000, 997.0613082635331
10, 7, 0.5, 999, 10000000, 995.4903701765807
10, 7, 0.5, 999, 10000000, 993.7252359763966
10, 7, 0.5, 999.9, 10000000, 996.3803187171437
10, 7, 0.5, 999.9, 10000000, 996.2034061642173
10, 7, 0.5, 999.9, 10000000, 995.9072506509843
10, 7, 0.5, 999.9, 10000000, 994.3527291489455
10, 7, 0.5, 999.9, 10000000, 995.9511893695097
10, 7, 0.5, 999.99, 10000000, 995.3510379699758
10, 7, 0.5, 999.99, 10000000, 995.4760873151287
10, 7, 0.5, 999.99, 10000000, 996.4373412816059
10, 7, 0.5, 999.99, 10000000, 995.2434136278872
10, 7, 0.5, 999.99, 10000000, 996.0192939090508
10, 7, 0.5, 999.999, 10000000, 993.6210537341385
10, 7, 0.5, 999.999, 10000000, 995.296649089536
10, 7, 0.5, 999.999, 10000000, 994.7008319717781
10, 7, 0.5, 999.999, 10000000, 995.1854645621517
10, 7, 0.5, 999.999, 10000000, 998.2450584788148
10, 7, 0.5, 999.9999, 10000000, 994.5445568119085
10, 7, 0.5, 999.9999, 10000000, 997.5166849937698
10, 7, 0.5, 999.9999, 10000000, 997.1408747036096
10, 7, 0.5, 999.9999, 10000000, 995.841877455245
10, 7, 0.5, 999.9999, 10000000, 993.8519006848256
10, 8, 0.5, 700, 60, 801.1392374054573
10, 8, 0.5, 700, 125, 729.5206373793789
10, 8, 0.5, 700, 37, 704.1769863809409
10, 8, 0.5, 700, 125, 781.847286624649
10, 8, 0.5, 700, 73, 725.2539648451335
10, 8, 0.5, 800, 105, 852.5781706092396
10, 8, 0.5, 800, 64, 812.7887622821783
10, 8, 0.5, 800, 68, 813.7622121692425
10, 8, 0.5, 800, 56, 806.1148845767513
10, 8, 0.5, 800, 74, 932.0142415342392
10, 8, 0.5, 999, 10000000, 993.6464506584413
10, 8, 0.5, 999, 10000000, 992.1420767981057
10, 8, 0.5, 999, 10000000, 991.5069857873017
10, 8, 0.5, 999, 10000000, 990.8827476751898
10, 8, 0.5, 999, 10000000, 992.7257342090783
10, 8, 0.5, 999.9, 10000000, 990.6833534380352
10, 8, 0.5, 999.9, 10000000, 994.2021661419502
10, 8, 0.5, 999.9, 10000000, 992.770475595927
10, 8, 0.5, 999.9, 10000000, 996.2535111659842
10, 8, 0.5, 999.9, 10000000, 993.7081355275491
10, 8, 0.5, 999.99, 10000000, 992.7740565077677
10, 8, 0.5, 999.99, 10000000, 991.2073499837342
10, 8, 0.5, 999.99, 10000000, 991.6568709348351
10, 8, 0.5, 999.99, 10000000, 991.9955967352734
10, 8, 0.5, 999.99, 10000000, 994.6270146827446
10, 8, 0.5, 999.999, 10000000, 994.8539958344838
10, 8, 0.5, 999.999, 10000000, 991.6376518465411
10, 8, 0.5, 999.999, 10000000, 991.8483574022498
10, 8, 0.5, 999.999, 10000000, 995.169636857915
10, 8, 0.5, 999.999, 10000000, 991.4519825169968
10, 8, 0.5, 999.9999, 10000000, 995.08306382872
10, 8, 0.5, 999.9999, 10000000, 991.1775096545775
10, 8, 0.5, 999.9999, 10000000, 990.4553809397969
10, 8, 0.5, 999.9999, 10000000, 995.5682332432942
10, 8, 0.5, 999.9999, 10000000, 992.8951186888135
10, 9, 0.5, 700, 69, 725.5616114325707
10, 9, 0.5, 700, 77, 820.0769852856639
10, 9, 0.5, 700, 54, 706.8593517580529
10, 9, 0.5, 700, 88, 821.8487351780681
10, 9, 0.5, 700, 69, 771.1600066542666
10, 9, 0.5, 800, 162, 823.7018242314032
10, 9, 0.5, 800, 68, 832.1817407098148
10, 9, 0.5, 800, 119, 832.3993347805438
10, 9, 0.5, 800, 119, 813.477521375526
10, 9, 0.5, 800, 135, 835.6492602998154
10, 9, 0.5, 999, 10000000, 991.3221358277742
10, 9, 0.5, 999, 10000000, 985.8631328639952
10, 9, 0.5, 999, 10000000, 987.489299828085
10, 9, 0.5, 999, 10000000, 988.1014569862919
10, 9, 0.5, 999, 10000000, 987.5184340302595
10, 9, 0.5, 999.9, 10000000, 986.1403349777856
10, 9, 0.5, 999.9, 10000000, 986.9144303190242
10, 9, 0.5, 999.9, 10000000, 991.0758274621497
10, 9, 0.5, 999.9, 10000000, 988.4667215246046
10, 9, 0.5, 999.9, 10000000, 996.0799849843318
10, 9, 0.5, 999.99, 10000000, 987.165186207123
10, 9, 0.5, 999.99, 10000000, 988.4135531243705
10, 9, 0.5, 999.99, 10000000, 985.6333133077454
10, 9, 0.5, 999.99, 10000000, 989.4320873173946
10, 9, 0.5, 999.99, 10000000, 987.3962070597265
10, 9, 0.5, 999.999, 10000000, 988.4710893368041
10, 9, 0.5, 999.999, 10000000, 989.7683331283243
10, 9, 0.5, 999.999, 10000000, 989.9791192883597
10, 9, 0.5, 999.999, 10000000, 990.2454656768655
10, 9, 0.5, 999.999, 10000000, 988.878991723397
10, 9, 0.5, 999.9999, 10000000, 986.4458806341762
10, 9, 0.5, 999.9999, 10000000, 992.6102884372273
10, 9, 0.5, 999.9999, 10000000, 987.677813535069
10, 9, 0.5, 999.9999, 10000000, 985.591068596691
10, 9, 0.5, 999.9999, 10000000, 987.3855083382433
10, 1, 0.25, 700, 195, 789.5792449447704
10, 1, 0.25, 700, 197, 746.4812508782064
10, 1, 0.25, 700, 226, 823.3270094546446
10, 1, 0.25, 700, 234, 766.862671866821
10, 1, 0.25, 700, 167, 717.161406943097
10, 1, 0.25, 800, 124, 820.4925186441953
10, 1, 0.25, 800, 101, 856.2467910998863
10, 1, 0.25, 800, 241, 809.9635521566796
10, 1, 0.25, 800, 352, 866.2214178505942
10, 1, 0.25, 800, 190, 882.6454570224964
10, 1, 0.25, 999, 403, 999.0663189159749
10, 1, 0.25, 999, 510, 999.2042614929416
10, 1, 0.25, 999, 320, 999.0779321872411
10, 1, 0.25, 999, 479, 999.6708661851776
10, 1, 0.25, 999, 583, 999.7233954358416
10, 1, 0.25, 999.9, 743, 999.9127327164921
10, 1, 0.25, 999.9, 845, 999.9311688373547
10, 1, 0.25, 999.9, 731, 999.9096768345571
10, 1, 0.25, 999.9, 1319, 999.9294909205188
10, 1, 0.25, 999.9, 640, 999.9441508543696
10, 1, 0.25, 999.99, 3053, 999.9917524764489
10, 1, 0.25, 999.99, 1366, 999.9923002134344
10, 1, 0.25, 999.99, 1875, 999.9963868122318
10, 1, 0.25, 999.99, 1348, 999.9905240264488
10, 1, 0.25, 999.99, 2020, 999.990394971716
10, 1, 0.25, 999.999, 8006, 999.9990630350843
10, 1, 0.25, 999.999, 7182, 999.999131237685
10, 1, 0.25, 999.999, 7234, 999.9993629521475
10, 1, 0.25, 999.999, 7384, 999.99940059057
10, 1, 0.25, 999.999, 5989, 999.9993553726372
10, 1, 0.25, 999.9999, 34354, 999.9999226910257
10, 1, 0.25, 999.9999, 24374, 999.999905356384
10, 1, 0.25, 999.9999, 24441, 999.9999075060704
10, 1, 0.25, 999.9999, 18709, 999.9999101633883
10, 1, 0.25, 999.9999, 18370, 999.9999059593729
10, 2, 0.25, 700, 78, 723.1354377780682
10, 2, 0.25, 700, 130, 711.7059709501284
10, 2, 0.25, 700, 108, 714.5749890361647
10, 2, 0.25, 700, 80, 704.312525610217
10, 2, 0.25, 700, 132, 709.37058576175
10, 2, 0.25, 800, 121, 801.1506332456152
10, 2, 0.25, 800, 105, 800.8345180549375
10, 2, 0.25, 800, 165, 807.7698727564749
10, 2, 0.25, 800, 106, 835.7230843134806
10, 2, 0.25, 800, 151, 814.3968381088669
10, 2, 0.25, 999, 849, 999.3605787056749
10, 2, 0.25, 999, 1424, 999.3474274549893
10, 2, 0.25, 999, 641, 999.1274882016047
10, 2, 0.25, 999, 881, 999.3935197903367
10, 2, 0.25, 999, 1763, 999.0445306598848
10, 2, 0.25, 999.9, 4207, 999.9167029144844
10, 2, 0.25, 999.9, 17568, 999.9126403250054
10, 2, 0.25, 999.9, 14545, 999.9335645925789
10, 2, 0.25, 999.9, 13014, 999.9331296520928
10, 2, 0.25, 999.9, 18017, 999.916921163833
10, 2, 0.25, 999.99, 57768, 999.9917104922993
10, 2, 0.25, 999.99, 167081, 999.9913871546356
10, 2, 0.25, 999.99, 49838, 999.9908804593855
10, 2, 0.25, 999.99, 31873, 999.9906889413521
10, 2, 0.25, 999.99, 151254, 999.9907433626157
10, 2, 0.25, 999.999, 1090433, 999.9990625349658
10, 2, 0.25, 999.999, 1335197, 999.9990435753051
10, 2, 0.25, 999.999, 1008254, 999.9992932648568
10, 2, 0.25, 999.999, 858249, 999.9990083057427
10, 2, 0.25, 999.999, 1306332, 999.9990014570412
10, 2, 0.25, 999.9999, 2515302, 999.9999098503017
10, 2, 0.25, 999.9999, 8449620, 999.9999195867986
10, 2, 0.25, 999.9999, 10000000, 999.9998915578927
10, 2, 0.25, 999.9999, 10000000, 999.9998618604973
10, 2, 0.25, 999.9999, 5145919, 999.9999212765441
10, 3, 0.25, 700, 61, 701.068415109365
10, 3, 0.25, 700, 33, 719.9796508805181
10, 3, 0.25, 700, 84, 745.2817238482255
10, 3, 0.25, 700, 102, 718.2401002286383
10, 3, 0.25, 700, 100, 724.9529481330432
10, 3, 0.25, 800, 131, 849.0579619775949
10, 3, 0.25, 800, 120, 825.7606272457613
10, 3, 0.25, 800, 93, 805.0602400386831
10, 3, 0.25, 800, 83, 810.0144471764339
10, 3, 0.25, 800, 75, 801.295497041073
10, 3, 0.25, 999, 4113, 999.0799862771399
10, 3, 0.25, 999, 2691, 999.0365859232207
10, 3, 0.25, 999, 6167, 999.4583383991016
10, 3, 0.25, 999, 11813, 999.3561241008019
10, 3, 0.25, 999, 2106, 999.0098979089626
10, 3, 0.25, 999.9, 199982, 999.9051830743892
10, 3, 0.25, 999.9, 92838, 999.9430194646403
10, 3, 0.25, 999.9, 132808, 999.9099276812618
10, 3, 0.25, 999.9, 286581, 999.9015172478308
10, 3, 0.25, 999.9, 443137, 999.9186580947504
10, 3, 0.25, 999.99, 6155075, 999.9900130099013
10, 3, 0.25, 999.99, 4898555, 999.9902968190694
10, 3, 0.25, 999.99, 6964990, 999.990367022413
10, 3, 0.25, 999.99, 2106217, 999.9904242035907
10, 3, 0.25, 999.99, 10000000, 999.9832997102807
10, 3, 0.25, 999.999, 10000000, 999.9942396049039
10, 3, 0.25, 999.999, 10000000, 999.9953046310334
10, 3, 0.25, 999.999, 10000000, 999.9952912698391
10, 3, 0.25, 999.999, 10000000, 999.99458773835
10, 3, 0.25, 999.999, 10000000, 999.9951566785306
10, 3, 0.25, 999.9999, 10000000, 999.9953632493269
10, 3, 0.25, 999.9999, 10000000, 999.9923880328465
10, 3, 0.25, 999.9999, 10000000, 999.9931301974959
10, 3, 0.25, 999.9999, 10000000, 999.9923106697022
10, 3, 0.25, 999.9999, 10000000, 999.9954676940093
10, 4, 0.25, 700, 101, 728.2590468811134
10, 4, 0.25, 700, 108, 717.6010036560255
10, 4, 0.25, 700, 88, 719.7007805437995
10, 4, 0.25, 700, 86, 706.7658179571616
10, 4, 0.25, 700, 60, 715.6535255690842
10, 4, 0.25, 800, 62, 806.2373985983356
10, 4, 0.25, 800, 76, 862.5391237352335
10, 4, 0.25, 800, 121, 821.2826751597669
10, 4, 0.25, 800, 55, 801.1772544087862
10, 4, 0.25, 800, 84, 805.0090480300356
10, 4, 0.25, 999, 16432, 999.1723984943364
10, 4, 0.25, 999, 33828, 999.2302381043563
10, 4, 0.25, 999, 49173, 999.042582730394
10, 4, 0.25, 999, 23256, 999.5134484143814
10, 4, 0.25, 999, 38587, 999.1015841483925
10, 4, 0.25, 999.9, 3633726, 999.9185888133804
10, 4, 0.25, 999.9, 415844, 999.90809389029
10, 4, 0.25, 999.9, 311219, 999.9058590624246
10, 4, 0.25, 999.9, 1487007, 999.9245803893385
10, 4, 0.25, 999.9, 3930199, 999.9182447801768
10, 4, 0.25, 999.99, 10000000, 999.9514462035603
10, 4, 0.25, 999.99, 10000000, 999.9563974874652
10, 4, 0.25, 999.99, 10000000, 999.9434305116874
10, 4, 0.25, 999.99, 10000000, 999.9717659542043
10, 4, 0.25, 999.99, 10000000, 999.9489218587125
10, 4, 0.25, 999.999, 10000000, 999.929877978334
10, 4, 0.25, 999.999, 10000000, 999.9063023490514
10, 4, 0.25, 999.999, 10000000, 999.9243444957422
10, 4, 0.25, 999.999, 10000000, 999.9166155570603
10, 4, 0.25, 999.999, 10000000, 999.9701960077463
10, 4, 0.25, 999.9999, 10000000, 999.9504644923984
10, 4, 0.25, 999.9999, 10000000, 999.9618365336871
10, 4, 0.25, 999.9999, 10000000, 999.9342246708067
10, 4, 0.25, 999.9999, 10000000, 999.9274111352287
10, 4, 0.25, 999.9999, 10000000, 999.9720920814476
10, 5, 0.25, 700, 70, 712.8938061055744
10, 5, 0.25, 700, 76, 748.493619268281
10, 5, 0.25, 700, 42, 770.1316502587963
10, 5, 0.25, 700, 66, 820.8172394593611
10, 5, 0.25, 700, 44, 780.0941463811954
10, 5, 0.25, 800, 100, 806.2191096103728
10, 5, 0.25, 800, 104, 862.7480109326307
10, 5, 0.25, 800, 108, 830.3533540286019
10, 5, 0.25, 800, 98, 851.7979176186635
10, 5, 0.25, 800, 88, 810.1016096242732
10, 5, 0.25, 999, 64727, 999.1131130041447
10, 5, 0.25, 999, 551002, 999.0310150262019
10, 5, 0.25, 999, 196351, 999.0097833990293
10, 5, 0.25, 999, 52901, 999.0101629791767
10, 5, 0.25, 999, 204980, 999.0389526588303
10, 5, 0.25, 999.9, 10000000, 999.8112021865313
10, 5, 0.25, 999.9, 2428731, 999.9025770701088
10, 5, 0.25, 999.9, 10000000, 999.7604763712258
10, 5, 0.25, 999.9, 10000000, 999.8062437536042
10, 5, 0.25, 999.9, 10000000, 999.7383057047758
10, 5, 0.25, 999.99, 10000000, 999.6312837011067
10, 5, 0.25, 999.99, 10000000, 999.8831512253106
10, 5, 0.25, 999.99, 10000000, 999.8204823203787
10, 5, 0.25, 999.99, 10000000, 999.8105182432064
10, 5, 0.25, 999.99, 10000000, 999.7838774793976
10, 5, 0.25, 999.999, 10000000, 999.856357634598
10, 5, 0.25, 999.999, 10000000, 999.8273863442892
10, 5, 0.25, 999.999, 10000000, 999.8604375208128
10, 5, 0.25, 999.999, 10000000, 999.7234909497812
10, 5, 0.25, 999.999, 10000000, 999.736911033701
10, 5, 0.25, 999.9999, 10000000, 999.8363550217324
10, 5, 0.25, 999.9999, 10000000, 999.8150600561951
10, 5, 0.25, 999.9999, 10000000, 999.7435024098469
10, 5, 0.25, 999.9999, 10000000, 999.7208259375087
10, 5, 0.25, 999.9999, 10000000, 999.8353951686515
10, 6, 0.25, 700, 96, 724.3154991765242
10, 6, 0.25, 700, 70, 724.5137361248128
10, 6, 0.25, 700, 39, 702.6291154590627
10, 6, 0.25, 700, 40, 734.6899998589175
10, 6, 0.25, 700, 35, 738.552000322465
10, 6, 0.25, 800, 70, 858.5800417056538
10, 6, 0.25, 800, 52, 856.2341069721618
10, 6, 0.25, 800, 74, 803.2527663868216
10, 6, 0.25, 800, 47, 806.827119598104
10, 6, 0.25, 800, 65, 805.5358531340603
10, 6, 0.25, 999, 3225293, 999.0540299011578
10, 6, 0.25, 999, 912534, 999.4979461638158
10, 6, 0.25, 999, 6341214, 999.149805856645
10, 6, 0.25, 999, 1436286, 999.5107280971054
10, 6, 0.25, 999, 1363325, 999.3876702239473
10, 6, 0.25, 999.9, 10000000, 999.5463240534398
10, 6, 0.25, 999.9, 10000000, 999.500912090529
10, 6, 0.25, 999.9, 10000000, 999.2660771179787
10, 6, 0.25, 999.9, 10000000, 999.2364087538064
10, 6, 0.25, 999.9, 10000000, 999.1611080060674
10, 6, 0.25, 999.99, 10000000, 999.6746363433019
10, 6, 0.25, 999.99, 10000000, 999.3151391090366
10, 6, 0.25, 999.99, 10000000, 999.4604440434989
10, 6, 0.25, 999.99, 10000000, 999.450295895381
10, 6, 0.25, 999.99, 10000000, 999.5095802876173
10, 6, 0.25, 999.999, 10000000, 999.3895116443692
10, 6, 0.25, 999.999, 10000000, 999.6626916380195
10, 6, 0.25, 999.999, 10000000, 999.2312406278526
10, 6, 0.25, 999.999, 10000000, 999.452079153399
10, 6, 0.25, 999.999, 10000000, 999.5563784375867
10, 6, 0.25, 999.9999, 10000000, 999.655249066232
10, 6, 0.25, 999.9999, 10000000, 999.5941935452427
10, 6, 0.25, 999.9999, 10000000, 999.1808059554154
10, 6, 0.25, 999.9999, 10000000, 999.6128150678384
10, 6, 0.25, 999.9999, 10000000, 999.265622919763
10, 7, 0.25, 700, 90, 770.4944101452255
10, 7, 0.25, 700, 111, 707.3580411912681
10, 7, 0.25, 700, 75, 808.115652451617
10, 7, 0.25, 700, 100, 702.6994407507717
10, 7, 0.25, 700, 93, 834.1565816917475
10, 7, 0.25, 800, 66, 827.0035773800745
10, 7, 0.25, 800, 66, 823.8632306367836
10, 7, 0.25, 800, 48, 848.5786770352565
10, 7, 0.25, 800, 65, 804.5477105372289
10, 7, 0.25, 800, 68, 828.548191049239
10, 7, 0.25, 999, 10000000, 998.7780410761919
10, 7, 0.25, 999, 10000000, 998.9080321069567
10, 7, 0.25, 999, 10000000, 998.9904079752682
10, 7, 0.25, 999, 3162803, 999.029971041183
10, 7, 0.25, 999, 848345, 999.7145589659125
10, 7, 0.25, 999.9, 10000000, 998.7578535948239
10, 7, 0.25, 999.9, 10000000, 999.3549949480341
10, 7, 0.25, 999.9, 10000000, 998.7319471369337
10, 7, 0.25, 999.9, 10000000, 998.9698849266808
10, 7, 0.25, 999.9, 10000000, 998.8567406833428
10, 7, 0.25, 999.99, 10000000, 999.2754649017348
10, 7, 0.25, 999.99, 10000000, 998.9604679138126
10, 7, 0.25, 999.99, 10000000, 999.0624208647615
10, 7, 0.25, 999.99, 10000000, 999.4661957450523
10, 7, 0.25, 999.99, 10000000, 999.0155729129689
10, 7, 0.25, 999.999, 10000000, 998.8524016073595
10, 7, 0.25, 999.999, 10000000, 999.4022157405566
10, 7, 0.25, 999.999, 10000000, 998.6426906653436
10, 7, 0.25, 999.999, 10000000, 999.0519830790187
10, 7, 0.25, 999.999, 10000000, 998.9099431556267
10, 7, 0.25, 999.9999, 10000000, 998.681656825702
10, 7, 0.25, 999.9999, 10000000, 999.4358128783358
10, 7, 0.25, 999.9999, 10000000, 999.4295772543085
10, 7, 0.25, 999.9999, 10000000, 999.1295550034149
10, 7, 0.25, 999.9999, 10000000, 998.9887865803927
10, 8, 0.25, 700, 71, 712.2536055186167
10, 8, 0.25, 700, 42, 767.5188644722601
10, 8, 0.25, 700, 81, 715.9518121470825
10, 8, 0.25, 700, 106, 703.423333878576
10, 8, 0.25, 700, 27, 726.5664844581165
10, 8, 0.25, 800, 106, 822.6663700657348
10, 8, 0.25, 800, 90, 800.1607424156956
10, 8, 0.25, 800, 54, 802.8113050537249
10, 8, 0.25, 800, 64, 856.4715576617406
10, 8, 0.25, 800, 48, 802.0392623145611
10, 8, 0.25, 999, 10000000, 998.1267801397536
10, 8, 0.25, 999, 10000000, 998.0887955925523
10, 8, 0.25, 999, 10000000, 998.2896721625784
10, 8, 0.25, 999, 10000000, 998.036309948103
10, 8, 0.25, 999, 10000000, 997.9499890850262
10, 8, 0.25, 999.9, 10000000, 997.969338144849
10, 8, 0.25, 999.9, 10000000, 997.7487180065509
10, 8, 0.25, 999.9, 10000000, 998.347490310336
10, 8, 0.25, 999.9, 10000000, 998.4532169939324
10, 8, 0.25, 999.9, 10000000, 998.8574166103859
10, 8, 0.25, 999.99, 10000000, 997.7412417490847
10, 8, 0.25, 999.99, 10000000, 997.4937179062487
10, 8, 0.25, 999.99, 10000000, 998.1492025732499
10, 8, 0.25, 999.99, 10000000, 997.9815815916807
10, 8, 0.25, 999.99, 10000000, 998.8632733396756
10, 8, 0.25, 999.999, 10000000, 997.832400425566
10, 8, 0.25, 999.999, 10000000, 997.6010785254668
10, 8, 0.25, 999.999, 10000000, 997.8689381525376
10, 8, 0.25, 999.999, 10000000, 998.2385527895316
10, 8, 0.25, 999.999, 10000000, 998.64217968539
10, 8, 0.25, 999.9999, 10000000, 998.5682039851806
10, 8, 0.25, 999.9999, 10000000, 998.2767805429203
10, 8, 0.25, 999.9999, 10000000, 997.7075160967462
10, 8, 0.25, 999.9999, 10000000, 998.3937484158845
10, 8, 0.25, 999.9999, 10000000, 998.6271471578732
10, 9, 0.25, 700, 82, 733.6422347606722
10, 9, 0.25, 700, 58, 708.4903557283226
10, 9, 0.25, 700, 70, 768.6566024989861
10, 9, 0.25, 700, 78, 762.8732885340261
10, 9, 0.25, 700, 73, 730.6725528093709
10, 9, 0.25, 800, 62, 860.0450639544326
10, 9, 0.25, 800, 78, 818.6447237731751
10, 9, 0.25, 800, 75, 859.7167350139433
10, 9, 0.25, 800, 73, 807.7816459268762
10, 9, 0.25, 800, 63, 812.8827165693606
10, 9, 0.25, 999, 10000000, 997.9832137699691
10, 9, 0.25, 999, 10000000, 997.8898317855061
10, 9, 0.25, 999, 10000000, 997.4918508801284
10, 9, 0.25, 999, 10000000, 998.0008417535605
10, 9, 0.25, 999, 10000000, 997.5499088385095
10, 9, 0.25, 999.9, 10000000, 997.6562228502803
10, 9, 0.25, 999.9, 10000000, 997.8209212497595
10, 9, 0.25, 999.9, 10000000, 996.8636078403534
10, 9, 0.25, 999.9, 10000000, 996.8097814272262
10, 9, 0.25, 999.9, 10000000, 997.5567443024148
10, 9, 0.25, 999.99, 10000000, 997.7798100434491
10, 9, 0.25, 999.99, 10000000, 998.0615771303326
10, 9, 0.25, 999.99, 10000000, 998.7832507294866
10, 9, 0.25, 999.99, 10000000, 997.2914907387387
10, 9, 0.25, 999.99, 10000000, 996.7673050633757
10, 9, 0.25, 999.999, 10000000, 997.4069487424034
10, 9, 0.25, 999.999, 10000000, 997.3478862154162
10, 9, 0.25, 999.999, 10000000, 996.4096489312119
10, 9, 0.25, 999.999, 10000000, 997.070583517345
10, 9, 0.25, 999.999, 10000000, 997.5444653838454
10, 9, 0.25, 999.9999, 10000000, 996.8971206762363
10, 9, 0.25, 999.9999, 10000000, 997.2360059483103
10, 9, 0.25, 999.9999, 10000000, 997.6414306304819
10, 9, 0.25, 999.9999, 10000000, 996.931526011444
10, 9, 0.25, 999.9999, 10000000, 996.0445954397516
10, 1, 0.1, 700, 367, 702.9074282187511
10, 1, 0.1, 700, 281, 708.6466212417628
10, 1, 0.1, 700, 225, 702.9124774517287
10, 1, 0.1, 700, 230, 733.8429149952842
10, 1, 0.1, 700, 491, 738.2737808272992
10, 1, 0.1, 800, 419, 821.8271591389931
10, 1, 0.1, 800, 329, 819.9575876875934
10, 1, 0.1, 800, 514, 801.9972728460687
10, 1, 0.1, 800, 367, 838.900831957644
10, 1, 0.1, 800, 503, 832.2072981243537
10, 1, 0.1, 999, 584, 999.7870865599722
10, 1, 0.1, 999, 449, 999.1702355603153
10, 1, 0.1, 999, 677, 999.0548701734373
10, 1, 0.1, 999, 544, 999.5251603277475
10, 1, 0.1, 999, 496, 999.6975047390149
10, 1, 0.1, 999.9, 499, 999.9080154022857
10, 1, 0.1, 999.9, 976, 999.9814436340959
10, 1, 0.1, 999.9, 677, 999.9398280820448
10, 1, 0.1, 999.9, 1028, 999.9109012457686
10, 1, 0.1, 999.9, 658, 999.9842082700329
10, 1, 0.1, 999.99, 1716, 999.9935965781567
10, 1, 0.1, 999.99, 1112, 999.9938977986832
10, 1, 0.1, 999.99, 1352, 999.9923587369149
10, 1, 0.1, 999.99, 1089, 999.9930887091623
10, 1, 0.1, 999.99, 1970, 999.9924346986953
10, 1, 0.1, 999.999, 3118, 999.9990664169833
10, 1, 0.1, 999.999, 3009, 999.9990807639297
10, 1, 0.1, 999.999, 3916, 999.9995204149595
10, 1, 0.1, 999.999, 3123, 999.9990322005247
10, 1, 0.1, 999.999, 2869, 999.9991712732688
10, 1, 0.1, 999.9999, 21595, 999.9999205233818
10, 1, 0.1, 999.9999, 10242, 999.9999017076354
10, 1, 0.1, 999.9999, 6891, 999.9999130675725
10, 1, 0.1, 999.9999, 5805, 999.9999230958978
10, 1, 0.1, 999.9999, 8944, 999.9999394415867
10, 2, 0.1, 700, 210, 708.381909617464
10, 2, 0.1, 700, 180, 709.6255309856772
10, 2, 0.1, 700, 223, 701.3753198480096
10, 2, 0.1, 700, 121, 710.2295535804997
10, 2, 0.1, 700, 225, 703.3187694131684
10, 2, 0.1, 800, 188, 802.7312272239752
10, 2, 0.1, 800, 293, 813.0989950806667
10, 2, 0.1, 800, 187, 803.691970356798
10, 2, 0.1, 800, 254, 815.1058963322795
10, 2, 0.1, 800, 278, 801.4640401890603
10, 2, 0.1, 999, 523, 999.1407345493673
10, 2, 0.1, 999, 475, 999.1261243903524
10, 2, 0.1, 999, 523, 999.0436619099645
10, 2, 0.1, 999, 587, 999.0697257712291
10, 2, 0.1, 999, 354, 999.1066272178354
10, 2, 0.1, 999.9, 2051, 999.9397720926702
10, 2, 0.1, 999.9, 2199, 999.9083353389314
10, 2, 0.1, 999.9, 3615, 999.9183700320968
10, 2, 0.1, 999.9, 1161, 999.9392511574057
10, 2, 0.1, 999.9, 2022, 999.941743830396
10, 2, 0.1, 999.99, 9762, 999.9952967645484
10, 2, 0.1, 999.99, 9859, 999.9924498111978
10, 2, 0.1, 999.99, 12236, 999.9922064891155
10, 2, 0.1, 999.99, 24715, 999.9924501998572
10, 2, 0.1, 999.99, 15052, 999.9912465649373
10, 2, 0.1, 999.999, 202069, 999.9990654317577
10, 2, 0.1, 999.999, 230048, 999.9990662906811
10, 2, 0.1, 999.999, 79691, 999.9991818194135
10, 2, 0.1, 999.999, 54703, 999.9990118680548
10, 2, 0.1, 999.999, 88792, 999.9991100684344
10, 2, 0.1, 999.9999, 2116186, 999.9999042409873
10, 2, 0.1, 999.9999, 1006943, 999.9999008540888
10, 2, 0.1, 999.9999, 1619494, 999.9999031758962
10, 2, 0.1, 999.9999, 2085639, 999.9999223294051
10, 2, 0.1, 999.9999, 847559, 999.999937525337
10, 3, 0.1, 700, 225, 703.1754567800932
10, 3, 0.1, 700, 213, 701.3246743235093
10, 3, 0.1, 700, 149, 702.2725597152227
10, 3, 0.1, 700, 266, 716.41447827389
10, 3, 0.1, 700, 136, 749.2056130265198
10, 3, 0.1, 800, 183, 806.208504170842
10, 3, 0.1, 800, 238, 819.2820491727294
10, 3, 0.1, 800, 199, 804.7274272668847
10, 3, 0.1, 800, 159, 808.8112993852932
10, 3, 0.1, 800, 206, 801.9194909871129
10, 3, 0.1, 999, 1030, 999.1272393379259
10, 3, 0.1, 999, 707, 999.1994680101404
10, 3, 0.1, 999, 519, 999.181048692139
10, 3, 0.1, 999, 1237, 999.0197957324069
10, 3, 0.1, 999, 578, 999.0499099717646
10, 3, 0.1, 999.9, 17307, 999.9015922196883
10, 3, 0.1, 999.9, 21003, 999.9425253778114
10, 3, 0.1, 999.9, 6184, 999.9109108344555
10, 3, 0.1, 999.9, 9266, 999.9456077503681
10, 3, 0.1, 999.9, 15887, 999.9159748351423
10, 3, 0.1, 999.99, 344410, 999.9917406342607
10, 3, 0.1, 999.99, 334969, 999.9944549567506
10, 3, 0.1, 999.99, 141670, 999.9903232233904
10, 3, 0.1, 999.99, 287112, 999.9905354654874
10, 3, 0.1, 999.99, 188834, 999.9905767553909
10, 3, 0.1, 999.999, 3697334, 999.9991048494396
10, 3, 0.1, 999.999, 7497773, 999.9991749883237
10, 3, 0.1, 999.999, 4648174, 999.9990244629947
10, 3, 0.1, 999.999, 9751083, 999.9990099177501
10, 3, 0.1, 999.999, 10000000, 999.9986927678844
10, 3, 0.1, 999.9999, 10000000, 999.9993784552404
10, 3, 0.1, 999.9999, 10000000, 999.9987230848084
10, 3, 0.1, 999.9999, 10000000, 999.9992499713677
10, 3, 0.1, 999.9999, 10000000, 999.9996058499171
10, 3, 0.1, 999.9999, 10000000, 999.9986261739218
10, 4, 0.1, 700, 174, 715.3734053338567
10, 4, 0.1, 700, 181, 700.8590425604257
10, 4, 0.1, 700, 114, 711.2278635515239
10, 4, 0.1, 700, 140, 728.8691884738109
10, 4, 0.1, 700, 110, 707.9434778141367
10, 4, 0.1, 800, 148, 805.8664569457056
10, 4, 0.1, 800, 234, 808.8076480220883
10, 4, 0.1, 800, 181, 817.2799735792398
10, 4, 0.1, 800, 224, 825.3933607686364
10, 4, 0.1, 800, 203, 808.6745348035184
10, 4, 0.1, 999, 1627, 999.0578480350243
10, 4, 0.1, 999, 2693, 999.1915141690619
10, 4, 0.1, 999, 2387, 999.0681640069088
10, 4, 0.1, 999, 1112, 999.0158417891422
10, 4, 0.1, 999, 1711, 999.0844181521246
10, 4, 0.1, 999.9, 65195, 999.9057671099797
10, 4, 0.1, 999.9, 156838, 999.9048198032115
10, 4, 0.1, 999.9, 136015, 999.9334256300493
10, 4, 0.1, 999.9, 90024, 999.9037758432817
10, 4, 0.1, 999.9, 107933, 999.9192177339067
10, 4, 0.1, 999.99, 1350229, 999.9907780861248
10, 4, 0.1, 999.99, 10000000, 999.9898384609355
10, 4, 0.1, 999.99, 8701396, 999.9917825777537
10, 4, 0.1, 999.99, 10000000, 999.9866577528711
10, 4, 0.1, 999.99, 7540100, 999.9913659413148
10, 4, 0.1, 999.999, 10000000, 999.9956048451407
10, 4, 0.1, 999.999, 10000000, 999.9939779572143
10, 4, 0.1, 999.999, 10000000, 999.9880013845577
10, 4, 0.1, 999.999, 10000000, 999.9835768276054
10, 4, 0.1, 999.999, 10000000, 999.9906940531374
10, 4, 0.1, 999.9999, 10000000, 999.9889348837645
10, 4, 0.1, 999.9999, 10000000, 999.9913046641319
10, 4, 0.1, 999.9999, 10000000, 999.9948210090267
10, 4, 0.1, 999.9999, 10000000, 999.9910161268508
10, 4, 0.1, 999.9999, 10000000, 999.9880802408483
10, 5, 0.1, 700, 187, 721.7635551335719
10, 5, 0.1, 700, 153, 715.1940862046575
10, 5, 0.1, 700, 122, 704.3252261962193
10, 5, 0.1, 700, 139, 701.0187027472476
10, 5, 0.1, 700, 104, 714.8421360486012
10, 5, 0.1, 800, 143, 806.8267553685687
10, 5, 0.1, 800, 165, 809.0357071658025
10, 5, 0.1, 800, 141, 802.3216683744771
10, 5, 0.1, 800, 167, 804.0501747662985
10, 5, 0.1, 800, 88, 815.1136277430621
10, 5, 0.1, 999, 947, 999.0107341854786
10, 5, 0.1, 999, 1731, 999.1884678693874
10, 5, 0.1, 999, 4225, 999.08501806487
10, 5, 0.1, 999, 3500, 999.0225154363496
10, 5, 0.1, 999, 4033, 999.4047209673931
10, 5, 0.1, 999.9, 209120, 999.9074495381045
10, 5, 0.1, 999.9, 535774, 999.9084837653503
10, 5, 0.1, 999.9, 741798, 999.9112246103501
10, 5, 0.1, 999.9, 1294457, 999.9221478143294
10, 5, 0.1, 999.9, 428453, 999.9044524417545
10, 5, 0.1, 999.99, 10000000, 999.9593190788415
10, 5, 0.1, 999.99, 10000000, 999.9602794505084
10, 5, 0.1, 999.99, 10000000, 999.9485956932687
10, 5, 0.1, 999.99, 10000000, 999.963419596404
10, 5, 0.1, 999.99, 10000000, 999.9649995344939
10, 5, 0.1, 999.999, 10000000, 999.9486656510157
10, 5, 0.1, 999.999, 10000000, 999.9853413481769
10, 5, 0.1, 999.999, 10000000, 999.96741384309
10, 5, 0.1, 999.999, 10000000, 999.9593559013231
10, 5, 0.1, 999.999, 10000000, 999.9553697655723
10, 5, 0.1, 999.9999, 10000000, 999.9659916335938
10, 5, 0.1, 999.9999, 10000000, 999.9636005652728
10, 5, 0.1, 999.9999, 10000000, 999.9630202036573
10, 5, 0.1, 999.9999, 10000000, 999.9528064019811
10, 5, 0.1, 999.9999, 10000000, 999.9813075993934
10, 6, 0.1, 700, 109, 706.1577881213964
10, 6, 0.1, 700, 80, 738.1119776237315
10, 6, 0.1, 700, 128, 702.7354789470903
10, 6, 0.1, 700, 135, 726.9142827109622
10, 6, 0.1, 700, 225, 700.1536842639138
10, 6, 0.1, 800, 164, 843.8970742198321
10, 6, 0.1, 800, 183, 800.9094350894047
10, 6, 0.1, 800, 97, 810.265839881365
10, 6, 0.1, 800, 92, 805.5803735232477
10, 6, 0.1, 800, 133, 828.6444020921471
10, 6, 0.1, 999, 10622, 999.2081321661767
10, 6, 0.1, 999, 7674, 999.4612351150992
10, 6, 0.1, 999, 10697, 999.2920973511461
10, 6, 0.1, 999, 1680, 999.0702753444907
10, 6, 0.1, 999, 4435, 999.0917183947998
10, 6, 0.1, 999.9, 9877757, 999.9488968282819
10, 6, 0.1, 999.9, 2608711, 999.9024880064892
10, 6, 0.1, 999.9, 6854293, 999.9102046069862
10, 6, 0.1, 999.9, 3275377, 999.9177895482974
10, 6, 0.1, 999.9, 2585346, 999.9034708253981
10, 6, 0.1, 999.99, 10000000, 999.9071078171428
10, 6, 0.1, 999.99, 10000000, 999.9608199858892
10, 6, 0.1, 999.99, 10000000, 999.8988115067241
10, 6, 0.1, 999.99, 10000000, 999.9273034039102
10, 6, 0.1, 999.99, 10000000, 999.8640621767157
10, 6, 0.1, 999.999, 10000000, 999.9399882618779
10, 6, 0.1, 999.999, 10000000, 999.9309229333379
10, 6, 0.1, 999.999, 10000000, 999.9309634634312
10, 6, 0.1, 999.999, 10000000, 999.9041961622056
10, 6, 0.1, 999.999, 10000000, 999.9450053849793
10, 6, 0.1, 999.9999, 10000000, 999.8837189225912
10, 6, 0.1, 999.9999, 10000000, 999.8747030653068
10, 6, 0.1, 999.9999, 10000000, 999.938307071235
10, 6, 0.1, 999.9999, 10000000, 999.9261392589162
10, 6, 0.1, 999.9999, 10000000, 999.9431557344786
10, 7, 0.1, 700, 77, 729.1689870225156
10, 7, 0.1, 700, 132, 702.8178323288716
10, 7, 0.1, 700, 127, 718.255023849969
10, 7, 0.1, 700, 124, 727.3903845474517
10, 7, 0.1, 700, 153, 736.5988098185994
10, 7, 0.1, 800, 166, 800.720596811133
10, 7, 0.1, 800, 113, 808.8557968024013
10, 7, 0.1, 800, 95, 827.1452225916561
10, 7, 0.1, 800, 155, 804.2570448746967
10, 7, 0.1, 800, 143, 835.1482066095491
10, 7, 0.1, 999, 13213, 999.1284345255444
10, 7, 0.1, 999, 64149, 999.0874600592919
10, 7, 0.1, 999, 53819, 999.4028776078803
10, 7, 0.1, 999, 23357, 999.4185447536616
10, 7, 0.1, 999, 17712, 999.3379288728585
10, 7, 0.1, 999.9, 10000000, 999.851284379775
10, 7, 0.1, 999.9, 10000000, 999.8558835465808
10, 7, 0.1, 999.9, 10000000, 999.7889806313885
10, 7, 0.1, 999.9, 10000000, 999.8683206305338
10, 7, 0.1, 999.9, 10000000, 999.8503001054798
10, 7, 0.1, 999.99, 10000000, 999.8046294937309
10, 7, 0.1, 999.99, 10000000, 999.8576441945327
10, 7, 0.1, 999.99, 10000000, 999.7813280528903
10, 7, 0.1, 999.99, 10000000, 999.8907132570162
10, 7, 0.1, 999.99, 10000000, 999.7579263303614
10, 7, 0.1, 999.999, 10000000, 999.8092398883562
10, 7, 0.1, 999.999, 10000000, 999.8638581570511
10, 7, 0.1, 999.999, 10000000, 999.8969656786952
10, 7, 0.1, 999.999, 10000000, 999.8721677272223
10, 7, 0.1, 999.999, 10000000, 999.8547979295772
10, 7, 0.1, 999.9999, 10000000, 999.8842770956237
10, 7, 0.1, 999.9999, 10000000, 999.7986004177008
10, 7, 0.1, 999.9999, 10000000, 999.8515067086765
10, 7, 0.1, 999.9999, 10000000, 999.8603403655286
10, 7, 0.1, 999.9999, 10000000, 999.8165379950173
10, 8, 0.1, 700, 152, 721.1302810529301
10, 8, 0.1, 700, 117, 733.9076909292675
10, 8, 0.1, 700, 59, 703.5729546496437
10, 8, 0.1, 700, 89, 719.9314469336762
10, 8, 0.1, 700, 120, 708.911656999031
10, 8, 0.1, 800, 139, 807.5336456513014
10, 8, 0.1, 800, 146, 823.4685433644911
10, 8, 0.1, 800, 170, 800.8149826789868
10, 8, 0.1, 800, 148, 823.8499316229513
10, 8, 0.1, 800, 179, 822.4182063080885
10, 8, 0.1, 999, 211972, 999.0907123144269
10, 8, 0.1, 999, 127588, 999.1864484948176
10, 8, 0.1, 999, 12741, 999.143248395356
10, 8, 0.1, 999, 110475, 999.1018038272879
10, 8, 0.1, 999, 265350, 999.0473095612463
10, 8, 0.1, 999.9, 10000000, 999.5909146813137
10, 8, 0.1, 999.9, 10000000, 999.7178691913695
10, 8, 0.1, 999.9, 10000000, 999.6388601448934
10, 8, 0.1, 999.9, 10000000, 999.8012557498047
10, 8, 0.1, 999.9, 10000000, 999.7169969189489
10, 8, 0.1, 999.99, 10000000, 999.7655776385732
10, 8, 0.1, 999.99, 10000000, 999.6672734055919
10, 8, 0.1, 999.99, 10000000, 999.7238759410218
10, 8, 0.1, 999.99, 10000000, 999.7143957232331
10, 8, 0.1, 999.99, 10000000, 999.5608723446618
10, 8, 0.1, 999.999, 10000000, 999.7171612683418
10, 8, 0.1, 999.999, 10000000, 999.7081451498825
10, 8, 0.1, 999.999, 10000000, 999.7279223087043
10, 8, 0.1, 999.999, 10000000, 999.6278798386728
10, 8, 0.1, 999.999, 10000000, 999.6430583509987
10, 8, 0.1, 999.9999, 10000000, 999.6720623856545
10, 8, 0.1, 999.9999, 10000000, 999.7133534122287
10, 8, 0.1, 999.9999, 10000000, 999.7384096757174
10, 8, 0.1, 999.9999, 10000000, 999.7060722036464
10, 8, 0.1, 999.9999, 10000000, 999.6907066376438
10, 9, 0.1, 700, 108, 703.2186642340415
10, 9, 0.1, 700, 154, 731.895798162256
10, 9, 0.1, 700, 150, 728.4859192936602
10, 9, 0.1, 700, 80, 708.6837116858412
10, 9, 0.1, 700, 170, 707.6856623186658
10, 9, 0.1, 800, 94, 815.0246146349668
10, 9, 0.1, 800, 175, 813.9498521895359
10, 9, 0.1, 800, 195, 821.6499076856213
10, 9, 0.1, 800, 171, 812.7460622638869
10, 9, 0.1, 800, 121, 846.9936644602269
10, 9, 0.1, 999, 38742, 999.098450044991
10, 9, 0.1, 999, 48444, 999.323412246494
10, 9, 0.1, 999, 126135, 999.0175320008317
10, 9, 0.1, 999, 515087, 999.0974629558267
10, 9, 0.1, 999, 340963, 999.1270558392754
10, 9, 0.1, 999.9, 10000000, 999.4258415739885
10, 9, 0.1, 999.9, 10000000, 999.4964975720603
10, 9, 0.1, 999.9, 10000000, 999.6007413769553
10, 9, 0.1, 999.9, 10000000, 999.572482975601
10, 9, 0.1, 999.9, 10000000, 999.504542695104
10, 9, 0.1, 999.99, 10000000, 999.4352629535766
10, 9, 0.1, 999.99, 10000000, 999.4799381019866
10, 9, 0.1, 999.99, 10000000, 999.6902420921962
10, 9, 0.1, 999.99, 10000000, 999.5423633523917
10, 9, 0.1, 999.99, 10000000, 999.482601898495
10, 9, 0.1, 999.999, 10000000, 999.4403937609135
10, 9, 0.1, 999.999, 10000000, 999.5572380383103
10, 9, 0.1, 999.999, 10000000, 999.5458859076126
10, 9, 0.1, 999.999, 10000000, 999.6296113256959
10, 9, 0.1, 999.999, 10000000, 999.5494688507057
10, 9, 0.1, 999.9999, 10000000, 999.6697020475201
10, 9, 0.1, 999.9999, 10000000, 999.7896120885986
10, 9, 0.1, 999.9999, 10000000, 999.470772110235
10, 9, 0.1, 999.9999, 10000000, 999.5324264126899
10, 9, 0.1, 999.9999, 10000000, 999.640832185061
10, 1, 0.05, 700, 785, 700.2709964868935
10, 1, 0.05, 700, 690, 700.1572274986073
10, 1, 0.05, 700, 794, 708.5973304477619
10, 1, 0.05, 700, 896, 710.661307095332
10, 1, 0.05, 700, 568, 701.9573008917368
10, 1, 0.05, 800, 944, 804.4372789953361
10, 1, 0.05, 800, 732, 804.1281716093958
10, 1, 0.05, 800, 785, 803.6463054805581
10, 1, 0.05, 800, 943, 801.0406873541428
10, 1, 0.05, 800, 814, 807.0310186479412
10, 1, 0.05, 999, 1159, 999.3618890137453
10, 1, 0.05, 999, 1031, 999.790672515004
10, 1, 0.05, 999, 988, 999.117366064571
10, 1, 0.05, 999, 1049, 999.5003376906293
10, 1, 0.05, 999, 886, 999.3961501895311
10, 1, 0.05, 999.9, 1157, 999.9142109396998
10, 1, 0.05, 999.9, 1218, 999.9974391481417
10, 1, 0.05, 999.9, 1148, 999.9327718979878
10, 1, 0.05, 999.9, 1246, 999.9966013088424
10, 1, 0.05, 999.9, 1168, 999.9970357157125
10, 1, 0.05, 999.99, 1550, 999.9904470265336
10, 1, 0.05, 999.99, 1337, 999.9928740437083
10, 1, 0.05, 999.99, 1548, 999.9918466874353
10, 1, 0.05, 999.99, 1514, 999.9913975263947
10, 1, 0.05, 999.99, 1328, 999.9908612955962
10, 1, 0.05, 999.999, 1506, 999.9992128495263
10, 1, 0.05, 999.999, 1516, 999.9997185729063
10, 1, 0.05, 999.999, 1761, 999.9992114714804
10, 1, 0.05, 999.999, 2815, 999.9993781606826
10, 1, 0.05, 999.999, 1689, 999.9994297411799
10, 1, 0.05, 999.9999, 5084, 999.9999029097239
10, 1, 0.05, 999.9999, 4803, 999.9999154623991
10, 1, 0.05, 999.9999, 4758, 999.9999043366162
10, 1, 0.05, 999.9999, 4559, 999.9999018315301
10, 1, 0.05, 999.9999, 4748, 999.9999340825862
10, 2, 0.05, 700, 447, 716.5900317306691
10, 2, 0.05, 700, 398, 718.7711806991722
10, 2, 0.05, 700, 491, 708.481361122454
10, 2, 0.05, 700, 442, 702.0764961548385
10, 2, 0.05, 700, 348, 703.7815957618573
10, 2, 0.05, 800, 641, 801.6518868980104
10, 2, 0.05, 800, 408, 801.4708259221097
10, 2, 0.05, 800, 505, 807.8495393864589
10, 2, 0.05, 800, 572, 802.2017052707124
10, 2, 0.05, 800, 477, 802.0713937519145
10, 2, 0.05, 999, 623, 999.3814725237572
10, 2, 0.05, 999, 721, 999.1090660444445
10, 2, 0.05, 999, 751, 999.258858579392
10, 2, 0.05, 999, 892, 999.690781841456
10, 2, 0.05, 999, 736, 999.1230521736087
10, 2, 0.05, 999.9, 1073, 999.9144440267594
10, 2, 0.05, 999.9, 1145, 999.9151253612639
10, 2, 0.05, 999.9, 1260, 999.9051868420502
10, 2, 0.05, 999.9, 904, 999.9222053660561
10, 2, 0.05, 999.9, 723, 999.952709823282
10, 2, 0.05, 999.99, 4827, 999.9900032916947
10, 2, 0.05, 999.99, 3519, 999.9936666685027
10, 2, 0.05, 999.99, 3403, 999.9947771463176
10, 2, 0.05, 999.99, 4275, 999.9915281806956
10, 2, 0.05, 999.99, 9933, 999.9907938638512
10, 2, 0.05, 999.999, 38696, 999.9990398364371
10, 2, 0.05, 999.999, 14097, 999.9990265448022
10, 2, 0.05, 999.999, 35898, 999.9990546931772
10, 2, 0.05, 999.999, 82178, 999.9990626847299
10, 2, 0.05, 999.999, 30548, 999.9992511118332
10, 2, 0.05, 999.9999, 392612, 999.999947681475
10, 2, 0.05, 999.9999, 627527, 999.9999338782591
10, 2, 0.05, 999.9999, 190302, 999.9999117058074
10, 2, 0.05, 999.9999, 268174, 999.9999205660994
10, 2, 0.05, 999.9999, 482112, 999.9999293837977
10, 3, 0.05, 700, 271, 700.9214451844274
10, 3, 0.05, 700, 298, 713.7509996259269
10, 3, 0.05, 700, 205, 703.7945602818152
10, 3, 0.05, 700, 373, 711.0828923232227
10, 3, 0.05, 700, 389, 706.1518224640978
10, 3, 0.05, 800, 265, 804.7069384646479
10, 3, 0.05, 800, 336, 805.4953677318678
10, 3, 0.05, 800, 298, 804.282977400648
10, 3, 0.05, 800, 445, 808.7307328659653
10, 3, 0.05, 800, 347, 810.667485980903
10, 3, 0.05, 999, 414, 999.0779494863883
10, 3, 0.05, 999, 527, 999.0723609971029
10, 3, 0.05, 999, 526, 999.5555498881118
10, 3, 0.05, 999, 490, 999.2772441621074
10, 3, 0.05, 999, 561, 999.2711384247508
10, 3, 0.05, 999.9, 1571, 999.9427622676594
10, 3, 0.05, 999.9, 1656, 999.93739511277
10, 3, 0.05, 999.9, 1980, 999.9412615928749
10, 3, 0.05, 999.9, 1479, 999.9030639980808
10, 3, 0.05, 999.9, 1919, 999.9363600496241
10, 3, 0.05, 999.99, 51758, 999.9905003973862
10, 3, 0.05, 999.99, 73384, 999.9922409458156
10, 3, 0.05, 999.99, 44156, 999.9915909134875
10, 3, 0.05, 999.99, 40961, 999.9918895031178
10, 3, 0.05, 999.99, 79272, 999.9941892392843
10, 3, 0.05, 999.999, 1348858, 999.9993084428478
10, 3, 0.05, 999.999, 1734131, 999.999227565129
10, 3, 0.05, 999.999, 880787, 999.9992125163311
10, 3, 0.05, 999.999, 3691328, 999.9993311133217
10, 3, 0.05, 999.999, 1647771, 999.9998137007133
10, 3, 0.05, 999.9999, 10000000, 999.9998907208226
10, 3, 0.05, 999.9999, 10000000, 999.9996615245918
10, 3, 0.05, 999.9999, 10000000, 999.9998237756228
10, 3, 0.05, 999.9999, 10000000, 999.999775440632
10, 3, 0.05, 999.9999, 10000000, 999.9997583298792
10, 4, 0.05, 700, 381, 709.0328007210894
10, 4, 0.05, 700, 367, 711.7949074123896
10, 4, 0.05, 700, 316, 703.7976324585887
10, 4, 0.05, 700, 259, 716.9348257170791
10, 4, 0.05, 700, 279, 703.9572222747648
10, 4, 0.05, 800, 322, 818.3458149397148
10, 4, 0.05, 800, 265, 803.2366873672861
10, 4, 0.05, 800, 273, 802.025411979888
10, 4, 0.05, 800, 370, 801.7812980416068
10, 4, 0.05, 800, 294, 805.5237353515391
10, 4, 0.05, 999, 472, 999.1949639083106
10, 4, 0.05, 999, 648, 999.104524920549
10, 4, 0.05, 999, 496, 999.2156029296024
10, 4, 0.05, 999, 546, 999.4474683635725
10, 4, 0.05, 999, 478, 999.0306496237461
10, 4, 0.05, 999.9, 6864, 999.9027194884711
10, 4, 0.05, 999.9, 8060, 999.9152806430823
10, 4, 0.05, 999.9, 5074, 999.941164008904
10, 4, 0.05, 999.9, 6346, 999.9122147517256
10, 4, 0.05, 999.9, 2224, 999.9164636140482
10, 4, 0.05, 999.99, 777672, 999.9903599973096
10, 4, 0.05, 999.99, 76147, 999.9938638731196
10, 4, 0.05, 999.99, 1141083, 999.9901977915289
10, 4, 0.05, 999.99, 248700, 999.990931454516
10, 4, 0.05, 999.99, 836497, 999.9947956310057
10, 4, 0.05, 999.999, 10000000, 999.996847407
10, 4, 0.05, 999.999, 10000000, 999.9979877798374
10, 4, 0.05, 999.999, 10000000, 999.9965059967822
10, 4, 0.05, 999.999, 10000000, 999.9983781291294
10, 4, 0.05, 999.999, 10000000, 999.9980253286928
10, 4, 0.05, 999.9999, 10000000, 999.9958785936026
10, 4, 0.05, 999.9999, 10000000, 999.9973412330224
10, 4, 0.05, 999.9999, 10000000, 999.9989887096644
10, 4, 0.05, 999.9999, 10000000, 999.9979445933421
10, 4, 0.05, 999.9999, 10000000, 999.9981181100212
10, 5, 0.05, 700, 267, 708.2295820897642
10, 5, 0.05, 700, 319, 704.5355158979912
10, 5, 0.05, 700, 302, 703.6729623762966
10, 5, 0.05, 700, 355, 707.8119952578035
10, 5, 0.05, 700, 281, 718.0912557648705
10, 5, 0.05, 800, 338, 806.5867354393058
10, 5, 0.05, 800, 437, 801.5849621291271
10, 5, 0.05, 800, 313, 809.1481684717444
10, 5, 0.05, 800, 274, 801.4600546739338
10, 5, 0.05, 800, 405, 800.4410495660184
10, 5, 0.05, 999, 568, 999.1296599472271
10, 5, 0.05, 999, 803, 999.2593486617641
10, 5, 0.05, 999, 455, 999.0703567323837
10, 5, 0.05, 999, 590, 999.0852532568349
10, 5, 0.05, 999, 428, 999.0850822008742
10, 5, 0.05, 999.9, 20334, 999.9146553598172
10, 5, 0.05, 999.9, 26659, 999.9165535858235
10, 5, 0.05, 999.9, 4232, 999.9110541137416
10, 5, 0.05, 999.9, 77903, 999.9279419815811
10, 5, 0.05, 999.9, 31851, 999.9686425484712
10, 5, 0.05, 999.99, 3153848, 999.990396915164
10, 5, 0.05, 999.99, 3637570, 999.9914142330982
10, 5, 0.05, 999.99, 5018600, 999.992096283255
10, 5, 0.05, 999.99, 4492684, 999.9946547765851
10, 5, 0.05, 999.99, 2563314, 999.9917953859807
10, 5, 0.05, 999.999, 10000000, 999.9884681544867
10, 5, 0.05, 999.999, 10000000, 999.989731654061
10, 5, 0.05, 999.999, 10000000, 999.994253554434
10, 5, 0.05, 999.999, 10000000, 999.9907859869987
10, 5, 0.05, 999.999, 10000000, 999.9896927509614
10, 5, 0.05, 999.9999, 10000000, 999.9944186796098
10, 5, 0.05, 999.9999, 10000000, 999.9870458987236
10, 5, 0.05, 999.9999, 10000000, 999.9889956341331
10, 5, 0.05, 999.9999, 10000000, 999.993218734522
10, 5, 0.05, 999.9999, 10000000, 999.9913614474493
10, 6, 0.05, 700, 304, 717.7011607931768
10, 6, 0.05, 700, 313, 713.4995889102755
10, 6, 0.05, 700, 167, 714.7516231625802
10, 6, 0.05, 700, 245, 700.1557826358517
10, 6, 0.05, 700, 357, 709.4293862822931
10, 6, 0.05, 800, 236, 820.9950944994089
10, 6, 0.05, 800, 247, 819.4573690220913
10, 6, 0.05, 800, 289, 806.0240445960039
10, 6, 0.05, 800, 159, 800.9808709812281
10, 6, 0.05, 800, 263, 803.6709278102979
10, 6, 0.05, 999, 419, 999.3086036704526
10, 6, 0.05, 999, 375, 999.1452757035543
10, 6, 0.05, 999, 449, 999.3298086162401
10, 6, 0.05, 999, 463, 999.2276188200578
10, 6, 0.05, 999, 360, 999.1684830289665
10, 6, 0.05, 999.9, 8558, 999.9129180399466
10, 6, 0.05, 999.9, 258083, 999.9249811206136
10, 6, 0.05, 999.9, 268514, 999.9057658353893
10, 6, 0.05, 999.9, 13097, 999.9320102427582
10, 6, 0.05, 999.9, 105270, 999.9272466152214
10, 6, 0.05, 999.99, 10000000, 999.979512775521
10, 6, 0.05, 999.99, 10000000, 999.9724149981492
10, 6, 0.05, 999.99, 10000000, 999.9832521976048
10, 6, 0.05, 999.99, 10000000, 999.9787636874927
10, 6, 0.05, 999.99, 10000000, 999.9825497171954
10, 6, 0.05, 999.999, 10000000, 999.9762244914447
10, 6, 0.05, 999.999, 10000000, 999.9827468170263
10, 6, 0.05, 999.999, 10000000, 999.9852414481044
10, 6, 0.05, 999.999, 10000000, 999.9868933718726
10, 6, 0.05, 999.999, 10000000, 999.9718521478947
10, 6, 0.05, 999.9999, 10000000, 999.9767677249457
10, 6, 0.05, 999.9999, 10000000, 999.9866843787534
10, 6, 0.05, 999.9999, 10000000, 999.9749916269835
10, 6, 0.05, 999.9999, 10000000, 999.9711061027856
10, 6, 0.05, 999.9999, 10000000, 999.978688035291
10, 7, 0.05, 700, 252, 702.8748902077891
10, 7, 0.05, 700, 260, 707.4649350796428
10, 7, 0.05, 700, 246, 703.5160376861274
10, 7, 0.05, 700, 268, 706.5131547917175
10, 7, 0.05, 700, 271, 703.1928169164735
10, 7, 0.05, 800, 84, 807.5212139326417
10, 7, 0.05, 800, 310, 823.3954804498629
10, 7, 0.05, 800, 142, 807.9122686378572
10, 7, 0.05, 800, 253, 808.4965013353511
10, 7, 0.05, 800, 333, 806.3624536594273
10, 7, 0.05, 999, 785, 999.0429650094236
10, 7, 0.05, 999, 795, 999.218001565321
10, 7, 0.05, 999, 917, 999.1781639418587
10, 7, 0.05, 999, 700, 999.0364754449378
10, 7, 0.05, 999, 546, 999.2286710155289
10, 7, 0.05, 999.9, 265749, 999.9051276095003
10, 7, 0.05, 999.9, 843920, 999.9244131457074
10, 7, 0.05, 999.9, 216268, 999.9010699419977
10, 7, 0.05, 999.9, 1078017, 999.9198983211957
10, 7, 0.05, 999.9, 737251, 999.900042178347
10, 7, 0.05, 999.99, 10000000, 999.9438524648646
10, 7, 0.05, 999.99, 10000000, 999.9623966350005
10, 7, 0.05, 999.99, 10000000, 999.9431206032324
10, 7, 0.05, 999.99, 10000000, 999.9704356891209
10, 7, 0.05, 999.99, 10000000, 999.9717200578472
10, 7, 0.05, 999.999, 10000000, 999.9479410838766
10, 7, 0.05, 999.999, 10000000, 999.9672590634209
10, 7, 0.05, 999.999, 10000000, 999.9723797649514
10, 7, 0.05, 999.999, 10000000, 999.9500274574906
10, 7, 0.05, 999.999, 10000000, 999.9593334427233
10, 7, 0.05, 999.9999, 10000000, 999.9614460842163
10, 7, 0.05, 999.9999, 10000000, 999.9383480028329
10, 7, 0.05, 999.9999, 10000000, 999.9363372816395
10, 7, 0.05, 999.9999, 10000000, 999.9632162320424
10, 7, 0.05, 999.9999, 10000000, 999.9616404137261
10, 8, 0.05, 700, 171, 704.8097836484114
10, 8, 0.05, 700, 186, 717.0859317839835
10, 8, 0.05, 700, 237, 704.6360688622885
10, 8, 0.05, 700, 179, 713.3076968963326
10, 8, 0.05, 700, 231, 705.2451193448288
10, 8, 0.05, 800, 205, 804.5254492817817
10, 8, 0.05, 800, 202, 808.7746426270686
10, 8, 0.05, 800, 244, 809.9441110629389
10, 8, 0.05, 800, 245, 804.164560110883
10, 8, 0.05, 800, 284, 800.2923517031123
10, 8, 0.05, 999, 1471, 999.1782769438969
10, 8, 0.05, 999, 549, 999.0679478978697
10, 8, 0.05, 999, 436, 999.1250275809077
10, 8, 0.05, 999, 1515, 999.1374640293826
10, 8, 0.05, 999, 518, 999.0906276011467
10, 8, 0.05, 999.9, 1473026, 999.9471074982048
10, 8, 0.05, 999.9, 3353261, 999.9343062645019
10, 8, 0.05, 999.9, 424047, 999.9369901317493
10, 8, 0.05, 999.9, 123961, 999.9001526125583
10, 8, 0.05, 999.9, 796393, 999.9078963986424
10, 8, 0.05, 999.99, 10000000, 999.9267704580304
10, 8, 0.05, 999.99, 10000000, 999.915113255197
10, 8, 0.05, 999.99, 10000000, 999.9413683836353
10, 8, 0.05, 999.99, 10000000, 999.9465058242578
10, 8, 0.05, 999.99, 10000000, 999.9099003542549
10, 8, 0.05, 999.999, 10000000, 999.9354241877204
10, 8, 0.05, 999.999, 10000000, 999.9200040908142
10, 8, 0.05, 999.999, 10000000, 999.9562775118201
10, 8, 0.05, 999.999, 10000000, 999.935659433867
10, 8, 0.05, 999.999, 10000000, 999.9178650047207
10, 8, 0.05, 999.9999, 10000000, 999.9295597122203
10, 8, 0.05, 999.9999, 10000000, 999.9300525902797
10, 8, 0.05, 999.9999, 10000000, 999.9229386462097
10, 8, 0.05, 999.9999, 10000000, 999.9133337207646
10, 8, 0.05, 999.9999, 10000000, 999.9317004695279
10, 9, 0.05, 700, 202, 700.0384544890633
10, 9, 0.05, 700, 224, 708.3521173221455
10, 9, 0.05, 700, 231, 705.8351070541145
10, 9, 0.05, 700, 214, 705.848835825384
10, 9, 0.05, 700, 213, 705.1110969359412
10, 9, 0.05, 800, 321, 810.3163935420155
10, 9, 0.05, 800, 253, 817.9924568149755
10, 9, 0.05, 800, 239, 805.57952516752
10, 9, 0.05, 800, 175, 802.5067795454403
10, 9, 0.05, 800, 267, 811.2216471889811
10, 9, 0.05, 999, 1208, 999.0431799856243
10, 9, 0.05, 999, 1302, 999.2935574961784
10, 9, 0.05, 999, 1783, 999.2463455084651
10, 9, 0.05, 999, 736, 999.0449893531893
10, 9, 0.05, 999, 690, 999.2246419521372
10, 9, 0.05, 999.9, 10000000, 999.8985258540451
10, 9, 0.05, 999.9, 10000000, 999.8792794359534
10, 9, 0.05, 999.9, 7263353, 999.9288897109501
10, 9, 0.05, 999.9, 10000000, 999.8903423849071
10, 9, 0.05, 999.9, 10000000, 999.87964113886
10, 9, 0.05, 999.99, 10000000, 999.8752102856988
10, 9, 0.05, 999.99, 10000000, 999.8488867823115
10, 9, 0.05, 999.99, 10000000, 999.8889482784784
10, 9, 0.05, 999.99, 10000000, 999.8962941323317
10, 9, 0.05, 999.99, 10000000, 999.8971611102419
10, 9, 0.05, 999.999, 10000000, 999.8892382139243
10, 9, 0.05, 999.999, 10000000, 999.9171203102338
10, 9, 0.05, 999.999, 10000000, 999.8666210611622
10, 9, 0.05, 999.999, 10000000, 999.8745316981718
10, 9, 0.05, 999.999, 10000000, 999.848460843897
10, 9, 0.05, 999.9999, 10000000, 999.8483040727081
10, 9, 0.05, 999.9999, 10000000, 999.854380494545
10, 9, 0.05, 999.9999, 10000000, 999.8789347376005
10, 9, 0.05, 999.9999, 10000000, 999.8718461842728
10, 9, 0.05, 999.9999, 10000000, 999.88171948175
